"full_name","a","e","i","om","w","q","ad","per_y","data_arc","condition_code","n_obs_used","n_del_obs_used","n_dop_obs_used","H","tp_cal","class","two_body","A1","A2","A3","DT","spkid","pdes","name","prefix","neo","pha","sats","G","M1","M2","K1","K2","PC","diameter","extent","albedo","rot_per","GM","BV","UB","IR","spec_B","spec_T","H_sigma","diameter_sigma","orbit_id","epoch","epoch_mjd","epoch_cal","equinox","ma","n","tp","per","moid","moid_ld","moid_jup","t_jup","sigma_e","sigma_a","sigma_q","sigma_i","sigma_om","sigma_w","sigma_ma","sigma_ad","sigma_n","sigma_tp","sigma_per","producer","first_obs","last_obs","rms","A1_sigma","A2_sigma","A3_sigma","DT_sigma"
"    1P/Halley",17.93,0.9679,162.19,59.11,112.26,0.575,35.28,75.9,57852,0,8548,,,,1986-02-08.6,HTC,,4.8e-10,1.6e-10,,,1000036,1P,Halley,P,Y,,0,,5.5,13.6,8.0,5.0,0.03,11.0,14.9x8.2,0.04,,,,,,,,,,"JPL 73",2439857.5,39857,1968-01-02.0,J2000,274.14,0.01298,2446470.15,2.77e+04,0.0753,29.3,0.782,-0.598,7.5e-09,9.9e-09,1.4e-07,1.5e-05,2.0e-05,2.0e-05,1.2e-07,1.9e-08,1.1e-11,1.3e-05,2.3e-05,"Davide Farnocchia",1835-08-21,1994-01-11,.61018,4.0e-11,4.6e-15,,
"    2P/Encke",2.215,0.8483,11.78,334.56,186.56,0.336,4.09,3.3,5172,0,3186,,,,2017-03-10.0,ETc,,,,,,1000025,2P,Encke,P,Y,,0,,15.5,,4.5,,,4.8,,0.046,11.083,,,,,,,,,"JPL K235/29",2457732.5,57732,2016-12-10.0,J2000,333.06,0.299,2457822.59,1.2e+03,0.173,67.3,0.921,3.03,3.9e-08,6.8e-09,8.7e-08,7.0e-06,3.2e-05,3.2e-05,2.5e-06,1.3e-08,1.4e-09,8.3e-06,5.5e-06,"Davide Farnocchia",2009-08-15,2023-10-13,.70724,,,,
"    3D/Biela",3.535,0.7513,13.22,250.67,221.66,0.879,6.19,6.65,,,26,,,,1832-11-26.6,JFc,,3.9e-09,-2.5e-10,,,1000504,3D,Biela,D,Y,,0,,7.1,,10.0,,,,,,,,,,,,,,,IAUCAT03,2390520.5,-9480,1832-12-03.0,J2000,0.95,0.1483,2390514.12,2.43e+03,0.000518,0.202,,2.53,,,,,,,,,,,,Marsden,,,,,,,
"    5D/Brorsen",3.101,0.8098,29.38,102.97,14.95,0.590,5.61,5.46,,,127,,,,1879-03-31.0,JFc,,1.3e-08,1.3e-09,,,1000505,5D,Brorsen,D,Y,,0,,8.3,,10.0,,,,,,,,,,,,,,,IAUCAT03,2407440.5,7440,1879-04-01.0,J2000,0.17,0.1805,2407439.53,1.99e+03,0.367,143,,2.47,,,,,,,,,,,,Landgraf,,,,,,,
"    7P/Pons-Winnecke",3.419,0.6376,22.33,93.42,172.51,1.239,5.60,6.32,37122,0,1679,,,,2015-01-30.5,JFc,,6.4e-11,-5.2e-12,-1.0e-10,150,1000069,7P,Pons-Winnecke,P,Y,,0,,16.0,,4.5,,,5.2,,,,,,,,,,,,"JPL 30",2457137.5,57137,2015-04-25.0,J2000,13.17,0.1559,2457053.03,2.31e+03,0.226,87.8,0.273,2.68,2.9e-08,3.0e-08,1.0e-07,7.1e-06,1.4e-05,1.8e-05,2.8e-06,5.0e-08,2.1e-09,1.9e-05,3.1e-05,"Davide Farnocchia",1921-04-28,2022-12-16,.66978,3.6e-13,5.0e-13,2.8e-12,5.52
"    8P/Tuttle",5.7,0.8198,54.98,270.34,207.51,1.027,10.37,13.6,20161,0,1768,,,,2008-01-27.0,JFC,,4.2e-10,-1.7e-11,-4.6e-11,67.5,1000099,8P,Tuttle,P,Y,,0,,14.6,,4.5,,,4.5,,,,,,,,,,,1.00,"JPL K215/24",2454701.5,54701,2008-08-23.0,J2000,15.13,0.07242,2454492.52,4.97e+03,0.0953,37.1,0.738,1.6,4.1e-08,5.2e-07,2.7e-07,1.2e-05,3.1e-05,2.9e-05,7.8e-07,9.4e-07,9.9e-09,2.8e-05,6.8e-04,"Davide Farnocchia",1967-01-07,2022-03-20,.6884,4.3e-11,1.5e-11,6.6e-11,12.8
"   12P/Pons-Brooks",17.18,0.9545,74.19,255.85,198.99,0.781,33.58,71.2,25689,0,4077,,,,2024-04-21.1,HTC,,,,,,1000068,12P,Pons-Brooks,P,Y,,0,,5.0,11.0,15.0,10.0,,,,,,,,,,,,,,"JPL K242/40",2460104.5,60104,2023-06-09.0,J2000,355.61,0.01384,2460421.64,2.6e+04,0.18,70,2.02,0.598,8.4e-08,2.7e-07,1.4e-06,3.2e-05,7.3e-05,5.2e-05,4.0e-06,5.2e-07,3.2e-10,2.9e-04,6.0e-04,"Davide Farnocchia",1953-06-20,2023-10-20,.58062,,,,
"   13P/Olbers",16.65,0.9295,44.73,86.29,64.36,1.174,32.13,68,49726,0,281,,,,1956-06-15.3,HTC,,3.1e-09,5.9e-10,,,1000066,13P,Olbers,P,Y,,0,,7.0,,19.,,,,,,,,,,,,,,,"JPL 17",2438486.5,38486,1964-04-01.0,J2000,41.29,0.0145,2435639.82,2.48e+04,0.471,183,0.704,1.25,9.5e-08,1.2e-06,1.6e-06,8.3e-05,1.1e-04,2.4e-04,8.5e-06,2.2e-06,1.5e-09,3.9e-04,2.6e-03,"Davide Farnocchia",1887-08-28,2023-10-20,.94481,7.7e-10,1.8e-13,,
"   15P/Finlay",3.49,0.7202,6.80,13.75,347.63,0.977,6.00,6.52,5058,0,1655,,,,2014-12-27.0,JFc,,2.2e-09,-2.3e-10,1.6e-09,,1000027,15P,Finlay,P,Y,,0,,14.9,,8.5,,,,,,,,,,,,,,,"JPL K213/17",2457327.5,57327,2015-11-01.0,J2000,46.69,0.1511,2457018.57,2.38e+03,0.00923,3.59,0.162,2.62,8.4e-08,3.8e-08,2.9e-07,8.5e-06,1.2e-04,1.2e-04,2.9e-06,6.5e-08,2.5e-09,2.2e-05,3.9e-05,"Davide Farnocchia",2008-04-27,2022-03-03,.75893,3.0e-11,3.3e-13,4.5e-11,
"   18D/Perrine-Mrkos",3.56,0.6426,17.76,240.88,166.05,1.272,5.85,6.72,2584,1,16,,,,1968-11-01.5,JFc,,,,,,1000144,18D,Perrine-Mrkos,D,Y,,0,,11.5,15.5,20.0,15.0,,,,,,,,,,,,,,"JPL J682/18",2440240.5,40240,1969-01-19.0,J2000,11.51,0.1468,2440162.04,2.45e+03,0.289,113,,2.67,7.6e-07,4.1e-07,2.6e-06,1.2e-04,1.2e-04,3.7e-04,6.3e-05,6.7e-07,2.5e-08,4.3e-04,4.2e-04,"M.S.W. Keesey",1961-11-29,1968-12-26,1.6514,,,,
"   20D/Westphal",15.64,0.9198,40.89,348.01,57.08,1.254,30.03,61.9,22321,0,201,,,,1913-11-26.7,HTC,,,,,,1000212,20D,Westphal,D,Y,,0,,8.8,,10.0,,,,,,,,,,,,,,,"JPL 19",2420080.5,20080,1913-11-09.0,J2000,359.72,0.01593,2420098.29,2.26e+04,0.468,182,,1.36,2.2e-07,8.2e-07,3.4e-06,2.0e-04,1.3e-04,4.9e-04,8.5e-06,1.6e-06,1.3e-09,5.3e-04,1.8e-03,"M.S.W. Keesey",1852-09-01,1913-10-13,2.0333,,,,
"   21P/Giacobini-Zinner",3.5,0.7105,32.00,195.41,172.81,1.013,5.99,6.55,3196,0,1987,,,,2018-09-10.2,JFc,,3.1e-09,-1.8e-09,-1.8e-09,,1000032,21P,Giacobini-Zinner,P,Y,,0,,13.1,,8.5,,,2.0,,,,,,,,,,,,"JPL K182/14",2458063.5,58063,2017-11-06.0,J2000,313.61,0.1505,2458371.77,2.39e+03,0.0179,6.96,0.248,2.46,1.1e-07,1.5e-07,3.8e-07,7.8e-06,2.4e-05,3.9e-05,5.0e-06,2.6e-07,9.6e-09,3.2e-05,1.5e-04,"Shantanu Naidu",2011-05-01,2020-01-30,.50573,7.2e-11,4.4e-11,4.2e-11,
"   23P/Brorsen-Metcalf",17.07,0.9720,19.33,311.59,129.61,0.479,33.66,70.5,51904,0,223,,,,1989-09-11.9,HTC,,2.2e-09,-5.3e-10,,,1000009,23P,Brorsen-Metcalf,P,Y,,0,,7.8,14.0,8.0,5.0,0.03,,,,,,,,,,,,,"JPL 13",2447800.5,47800,1989-10-01.0,J2000,0.27,0.01398,2447781.44,2.58e+04,0.194,75.4,,1.11,7.0e-07,4.2e-04,8.3e-07,5.4e-05,1.3e-04,2.1e-04,1.0e-05,8.3e-04,5.2e-07,2.8e-05,9.5e-01,"M.S.W. Keesey",1847-08-01,1989-09-09,1.2347,2.1e-10,6.5e-14,,
"   24P/Schaumasse",4.086,0.7048,11.73,79.67,58.00,1.206,6.97,8.26,6464,3,832,,,,2017-11-16.7,JFc,,1.1e-09,-1.0e-09,,,1000077,24P,Schaumasse,P,Y,,0,,12.0,15.6,16.,5.,0.03,2.6,,,,,,,,,,,,"JPL K173/9",2457350.5,57350,2015-11-24.0,J2000,273.65,0.1193,2458074.26,3.02e+03,0.283,110,0.457,2.5,1.3e-06,1.7e-05,6.3e-07,1.7e-05,7.5e-05,1.5e-04,5.2e-04,2.9e-05,7.5e-07,1.6e-04,1.9e-02,"Shantanu Naidu",2000-10-07,2018-06-19,.6705,8.8e-11,1.6e-10,,
"   26P/Grigg-Skjellerup",3.038,0.6339,22.41,211.64,1.64,1.112,4.96,5.3,5475,0,430,,,,2008-03-23.7,JFc,,,,,,1000034,26P,Grigg-Skjellerup,P,Y,,0,,16.8,,5.,,,2.6,,,,,,,,,,,,"JPL K234/9",2455440.5,55440,2010-09-01.0,J2000,165.88,0.1861,2454549.21,1.93e+03,0.107,41.8,0.00215,2.81,5.9e-08,4.6e-08,1.8e-07,1.1e-05,3.3e-05,3.6e-05,5.8e-06,7.6e-08,4.3e-09,3.2e-05,4.4e-05,"Davide Farnocchia",2007-12-19,2022-12-15,.66984,,,,
"   27P/Crommelin",9.093,0.9193,29.22,250.96,195.96,0.734,17.45,27.4,20203,0,455,,,,2011-08-02.5,HTC,,5.1e-10,-2.7e-12,,,1000016,27P,Crommelin,P,Y,,0,,12.7,16.3,27.75,5.,0.03,,,,,,,,,,,,,"JPL 6",2452489.5,52489,2002-08-03.0,J2000,241.87,0.03594,2455776.07,1e+04,0.229,89,1.01,1.48,1.0e-07,5.3e-08,9.3e-07,5.3e-05,1.3e-04,1.2e-04,1.8e-06,1.0e-07,3.2e-10,7.0e-05,8.8e-05,"Davide Farnocchia",1956-10-03,2012-01-26,.83198,2.7e-10,9.5e-14,,
"   34D/Gale",4.944,0.7607,11.73,67.92,209.16,1.183,8.70,11,,,47,,,,1938-06-18.4,JFc,F,,,,,1000284,34D,Gale,D,Y,,0,,10.5,,20.0,,,,,,,,,,,,,,,SAO/1938,2429080.5,29080,1938-07-01.0,J2000,1.12,0.08967,2429067.98,4.02e+03,,,,2.29,,,,,,,,,,,,Marsden,1927-??-??,1938-??-??,,,,,
"   35P/Herschel-Rigollet",28.84,0.9740,64.21,355.98,29.30,0.748,56.94,155,,,75,,,,1939-08-09.4,HTC,F,,,,,1000043,35P,Herschel-Rigollet,P,Y,,0,,8.3,,10,,,,,,,,,,,,,,,SAO/1939,2429480.5,29480,1939-08-05.0,J2000,359.97,0.006363,2429484.96,5.66e+04,,,,0.644,,,,,,,,,,,,Marsden,1788-??-??,1940-??-??,,,,,
"   41P/Tuttle-Giacobini-Kresak",3.085,0.6613,9.23,141.06,62.17,1.045,5.13,5.42,2498,3,4300,,,,2017-04-12.7,JFc,,6.6e-09,-2.1e-10,,,1000100,41P,Tuttle-Giacobini-Kresak,P,Y,,0,,16.9,,4.5,,,1.4,,,,,,,,,,,,"JPL K222/6",2457857.5,57857,2017-04-14.0,J2000,0.23,0.1819,2457856.25,1.98e+03,0.134,52,0.488,2.83,7.1e-07,6.6e-06,5.1e-08,7.3e-06,1.5e-05,2.1e-05,1.9e-06,1.1e-05,5.8e-07,7.1e-06,6.4e-03,"Davide Farnocchia",2016-11-10,2023-09-13,.40933,5.8e-11,7.7e-11,,
"   45P/Honda-Mrkos-Pajdusakova",3.026,0.8240,4.25,88.93,326.34,0.533,5.52,5.26,2067,1,1823,8,4,,2016-12-31.2,JFc,,5.4e-09,1.8e-10,,-25.8,1000045,45P,Honda-Mrkos-Pajdusakova,P,Y,,0,,13.7,18.0,22.,5.,0.03,1.6,,,,,,,,,,,,"JPL K222/7",2457979.5,57979,2017-08-14.0,J2000,42.26,0.1872,2457753.78,1.92e+03,0.0604,23.5,0.105,2.58,7.2e-08,7.1e-07,2.4e-07,4.5e-06,1.1e-04,1.2e-04,1.6e-05,1.3e-06,6.6e-08,8.8e-06,6.8e-04,"Davide Farnocchia",2016-11-05,2022-07-04,.64613,7.6e-10,1.2e-10,,4.86
"   46P/Wirtanen",3.093,0.6588,11.75,82.16,356.34,1.055,5.13,5.44,3627,2,4192,0,1,,2018-12-12.9,JFc,,4.1e-09,-1.3e-09,6.9e-10,-14,1000109,46P,Wirtanen,P,Y,,0,,16.6,,4.5,,,1.2,,,,,,,,,,,,"JPL K243/1",2458465.5,58465,2018-12-13.0,J2000,0.01,0.1812,2458465.43,1.99e+03,0.0713,27.8,0.169,2.82,2.5e-07,2.3e-06,3.0e-08,2.8e-06,4.1e-06,7.8e-06,1.4e-06,3.9e-06,2.1e-07,7.7e-06,2.3e-03,"Davide Farnocchia",2013-10-30,2023-10-05,.45007,4.6e-11,3.6e-11,2.7e-11,1.64
"   55P/Tempel-Tuttle",10.34,0.9056,162.49,235.27,172.50,0.976,19.70,33.2,48407,,392,,,,1998-02-28.0,HTC,,1.6e-09,9.2e-11,,,1000095,55P,Tempel-Tuttle,P,Y,,0,,10.0,16.0,25.0,10.0,,3.6,,0.06,,,,,,,,,,"JPL J985/69",2451040.5,51040,1998-08-15.0,J2000,4.98,0.02965,2450872.60,1.21e+04,0.00848,3.3,,-0.637,6.8e-08,5.2e-07,7.3e-07,1.9e-05,1.0e-04,1.5e-04,1.4e-06,9.9e-07,2.2e-09,3.9e-05,9.1e-04,"M.S.W. Keesey",1865-12-22,1998-07-05,.72806,3.5e-10,2.0e-13,,
"   66P/du Toit",6.023,0.7866,18.67,22.00,257.34,1.285,10.76,14.8,16304,0,547,,,,2018-05-20.4,JFc,,7.7e-10,-8.9e-11,,,1000021,66P,"du Toit",P,Y,,0,,15.7,,7.,,,,,,,,,,,,,,,"JPL K184/8",2456961.5,56961,2014-10-31.0,J2000,273.48,0.06668,2458258.97,5.4e+03,0.438,171,0.864,2.12,1.3e-07,1.2e-07,7.8e-07,1.7e-05,3.1e-05,4.9e-05,4.8e-06,2.1e-07,1.9e-09,5.2e-05,1.6e-04,"Davide Farnocchia",1974-03-22,2018-11-10,.70648,1.7e-10,6.2e-13,,
"   67P/Churyumov-Gerasimenko",3.462,0.6409,7.04,50.14,12.80,1.243,5.68,6.44,5442,0,8608,,,,2015-08-13.0,JFc,,1.0e-09,-6.7e-11,3.0e-10,45.7,1000012,67P,Churyumov-Gerasimenko,P,Y,,0,,12.9,,7.5,,,3.4,,,12.76129,662.2e-9,,,,,,,0.10,"JPL K213/5",2457305.5,57305,2015-10-10.0,J2000,8.86,0.153,2457247.59,2.35e+03,0.257,100,0.0838,2.75,2.7e-08,1.5e-07,9.9e-08,2.7e-06,2.3e-05,2.3e-05,2.8e-06,2.5e-07,1.0e-08,1.8e-05,1.6e-04,"Davide Farnocchia",2008-06-01,2023-04-26,.55098,1.3e-11,2.9e-12,1.1e-11,1.18
"   72P/Denning-Fujikawa",4.34,0.8194,9.17,36.04,337.93,0.784,7.90,9.04,16324,1,63,,,,2014-07-11.6,JFc,,,1.8e-10,,,1000020,72P,Denning-Fujikawa,P,Y,,0,,17.6,21.4,19.5,5.,0.03,,,,,,,,,,,,,"JPL K236/6",2457117.5,57117,2015-04-05.0,J2000,29.13,0.109,2456850.20,3.3e+03,0.085,33.1,0.164,2.23,4.5e-07,2.5e-06,2.2e-06,7.6e-05,4.1e-04,3.8e-04,3.1e-05,4.5e-06,9.4e-08,8.9e-05,2.8e-03,"Davide Farnocchia",1978-10-10,2023-06-20,.98948,,1.3e-12,,
"   73P/Schwassmann-Wachmann 3",3.091,0.6855,11.24,69.66,199.39,0.972,5.21,5.44,2740,3,515,,,,2017-03-16.8,JFc,,4.8e-09,6.9e-10,,,1000394,73P,Schwassmann-Wachmann,P,Y,,0,,14.3,,8.,,,,,,,,,,,,,,,"JPL K222/30",2457800.5,57800,2017-02-16.0,J2000,354.77,0.1813,2457829.34,1.99e+03,0.0144,5.62,0.202,2.78,7.3e-07,7.8e-06,3.7e-07,1.1e-05,9.4e-05,1.2e-04,4.5e-05,1.3e-05,6.9e-07,1.8e-04,7.5e-03,"Davide Farnocchia",2016-02-13,2023-08-15,.47336,1.5e-10,4.5e-11,,
"   79P/du Toit-Hartley",3.031,0.5941,2.89,307.84,253.27,1.231,4.83,5.28,9595,1,215,,,,2008-05-28.4,JFc,,-4.0e-10,-6.7e-13,,,1000022,79P,"du Toit-Hartley",P,Y,,0,,17.4,,4.5,,,2.8,,,,,,,,,,,,"JPL 17",2454391.5,54391,2007-10-18.0,J2000,318.28,0.1867,2454614.91,1.93e+03,0.234,91.1,0.366,2.94,4.5e-07,3.6e-07,1.5e-06,2.3e-05,2.1e-04,2.3e-04,2.0e-05,5.7e-07,3.3e-08,1.1e-04,3.4e-04,"Javier Roa",1986-12-27,2013-04-04,.88891,2.0e-10,1.1e-12,,
"   85D/Boethin",5.185,0.7812,4.30,359.40,37.62,1.135,9.24,11.8,4042,8,51,,,,2008-12-12.7,JFc,,0.0e+00,0.0e+00,,,1000004,85D,Boethin,D,Y,,0,,,,,,,,,,,,,,,,,,,"JPL 23",2454252.5,54252,2007-06-01.0,J2000,313.19,0.08348,2454813.25,4.31e+03,0.15,58.3,,2.25,2.2e-04,2.0e-02,5.5e-03,1.6e-02,1.1e+00,1.3e+00,4.3e-01,3.5e-02,4.8e-04,8.4e+00,2.5e+01,"Steven R. Chesley",1975-02-05,1986-03-01,1.6569,3.9e-09,5.7e-09,,
"   96P/Machholz 1",3.035,0.9592,58.14,94.25,14.79,0.124,5.95,5.29,4080,0,667,,,,2017-10-27.9,JFC,,2.7e-10,-2.4e-12,1.0e-10,,1000061,96P,Machholz,P,Y,,0,,13.6,16.9,9.,5.,0.03,6.4,,,,,,,,,,,,"JPL K233/7",2457952.5,57952,2017-07-18.0,J2000,340.99,0.1864,2458054.46,1.93e+03,0.333,130,0.613,1.94,5.4e-08,1.3e-07,1.7e-07,4.3e-05,2.7e-05,2.6e-05,1.6e-05,2.6e-07,1.2e-08,9.0e-05,1.3e-04,"Shantanu Naidu",2012-04-20,2023-06-22,.60228,6.0e-11,1.0e-13,7.2e-11,
"  103P/Hartley 2",3.475,0.6938,13.61,219.75,181.30,1.064,5.89,6.48,2190,0,1788,,,,2023-10-12.5,JFc,,,,,,1000041,103P,Hartley,P,Y,,0,,16.2,18.8,4.5,5.,0.03,1.6,,,18.1,,,,,,,,,"JPL K232/3",2460042.5,60042,2023-04-08.0,J2000,331.47,0.1522,2460230.02,2.37e+03,0.0734,28.6,0.276,2.64,3.0e-08,3.7e-07,1.4e-07,8.0e-06,2.7e-05,4.5e-05,8.2e-06,6.2e-07,2.4e-08,2.7e-05,3.7e-04,"Davide Farnocchia",2017-10-21,2023-10-20,.52963,,,,
"  104P/Kowal 2",3.208,0.6655,5.70,207.21,227.25,1.073,5.34,5.74,2351,2,1551,,,,2022-01-11.6,JFc,,2.2e-08,-7.2e-09,-2.2e-10,49.5,1000056,104P,Kowal,P,Y,,0,,14.6,16.9,12.75,5.,0.03,2.0,,,,,,,,,,,,"JPL K222/11",2459486.5,59486,2021-09-29.0,J2000,342.05,0.1716,2459591.12,2.1e+03,0.111,43.3,0.288,2.79,1.3e-07,2.9e-06,6.8e-07,1.6e-05,1.0e-04,9.8e-05,1.3e-05,4.9e-06,2.3e-07,9.8e-05,2.9e-03,"Davide Farnocchia",2016-01-04,2022-06-12,.87936,3.5e-10,4.0e-10,9.0e-11,1.69
"  109P/Swift-Tuttle",26.09,0.9632,113.45,139.38,152.98,0.960,51.22,133,94131,0,652,,,,1992-12-11.9,HTC,,,,,,1000140,109P,Swift-Tuttle,P,Y,,0,,4.5,8.5,15.0,10.0,,26,,,,,,,,,,,,"JPL 32",2450000.5,50000,1995-10-10.0,J2000,7.63,0.007395,2448968.50,4.87e+04,0.000892,0.347,,-0.28,6.8e-09,8.2e-07,1.8e-07,2.2e-05,2.8e-05,3.3e-05,3.1e-07,1.6e-06,3.5e-10,2.9e-05,2.3e-03,"M.S.W. Keesey",1737-07-08,1995-03-29,1.1984,,,,
"  122P/de Vico",17.68,0.9627,85.38,79.62,13.00,0.659,34.70,74.3,54902,0,294,,,,1995-10-06.0,HTC,,,,,,1000156,122P,"de Vico",P,Y,,0,,7.5,,10,,,,,,,,,,,,,,,"JPL 27",2450280.5,50280,1996-07-16.0,J2000,3.77,0.01326,2449996.50,2.72e+04,0.317,123,,0.375,1.8e-08,2.3e-07,3.1e-07,6.0e-05,5.9e-05,6.0e-05,3.9e-07,4.5e-07,2.6e-10,2.9e-05,5.3e-04,"M.S.W. Keesey",1846-03-02,1996-06-25,1.1138,,,,
"  141P/Machholz 2",3.055,0.7367,13.98,241.88,153.62,0.804,5.31,5.34,2131,0,846,,,,2020-12-15.9,JFc,,4.8e-10,-1.4e-09,,,1003394,141P,Machholz,P,Y,,0,,17.3,,4.5,,,,,,,,,,,,,,,"JPL K202/12",2458692.5,58692,2019-07-28.0,J2000,266.42,0.1846,2459199.45,1.95e+03,0.0987,38.4,0.56,2.71,1.6e-07,9.0e-08,5.1e-07,1.5e-05,6.0e-05,8.5e-05,6.8e-06,1.6e-07,8.2e-09,5.0e-05,8.6e-05,"Davide Farnocchia",2015-05-24,2021-03-24,.8847,1.8e-10,5.9e-11,,
"  157P/Tritton",3.365,0.6285,11.00,289.64,157.34,1.250,5.48,6.17,2804,1,432,,,,2022-08-02.2,JFc,,,-1.1e-09,,,1000096,157P,Tritton,P,Y,,0,,15.2,,4.5,,,,,,,,,,,,,,,"JPL K222/9",2458871.5,58871,2020-01-23.0,J2000,212.73,0.1597,2459793.76,2.25e+03,0.276,107,0.121,2.77,5.8e-07,1.1e-06,2.3e-06,2.4e-05,1.3e-04,1.5e-04,6.0e-05,1.8e-06,7.9e-08,2.6e-04,1.1e-03,"Shantanu Naidu",2015-08-09,2023-04-13,.74846,,1.3e-10,,
"  161P/Hartley-IRAS",7.73,0.8351,95.70,1.40,47.09,1.275,14.19,21.5,7994,0,335,,,,2005-06-20.8,HTC,,,,,,1000042,161P,Hartley-IRAS,P,Y,,0,,11.5,15.0,11.5,5.,0.03,,,,,,,,,,,,,"JPL 60",2453190.5,53190,2004-07-04.0,J2000,343.87,0.04586,2453542.35,7.85e+03,0.448,175,0.115,0.54,5.4e-08,8.8e-08,4.1e-07,2.4e-05,4.3e-05,3.6e-05,2.7e-06,1.6e-07,7.8e-10,5.9e-05,1.3e-04,"Otto Matic",1983-11-23,2005-10-12,.8739,,,,
"  162P/Siding Spring",3.053,0.5961,27.82,31.24,356.32,1.233,4.87,5.33,12189,0,3169,,,,2010-03-08.4,JFc,,,,,,1000525,162P,"Siding Spring",P,Y,,0,,15.2,,4.5,,,,,,32.853,,,,,,,,,"JPL 155",2455466.5,55466,2010-09-27.0,J2000,37.43,0.1848,2455263.93,1.95e+03,0.239,93,0.587,2.79,2.8e-08,6.3e-09,8.6e-08,6.3e-06,7.4e-06,1.0e-05,1.5e-06,1.0e-08,5.7e-10,8.2e-06,6.0e-06,"Otto Matic",1990-03-23,2023-08-06,.4566,,,,
"  169P/NEAT",2.606,0.7668,11.30,176.19,217.96,0.608,4.60,4.21,12459,0,1322,,,,2009-11-30.3,JFc,,,,,,1001656,169P,NEAT,P,Y,,0,,16.8,,4.5,,,,,,8.369,,,,,,,,,"JPL 144",2455087.5,55087,2009-09-13.0,J2000,341.65,0.2343,2455165.80,1.54e+03,0.142,55.4,0.978,2.89,1.6e-08,1.0e-08,4.1e-08,7.5e-06,3.9e-05,3.9e-05,1.8e-06,1.8e-08,1.3e-09,8.1e-06,8.8e-06,"Otto Matic",1989-03-07,2023-04-17,.50589,,,,
"  177P/Barnard",24.3,0.9544,31.22,272.07,60.45,1.107,47.50,120,42903,0,1702,,,,2006-08-28.6,HTC,,,,,,1000909,177P,Barnard,P,Y,,0,,15.7,18.3,13.,5.,0.03,,,,,,,,,,,,,"JPL 29",2453849.5,53849,2006-04-24.0,J2000,358.96,0.008226,2453976.18,4.38e+04,0.31,121,0.35,1.32,3.4e-09,2.3e-07,9.0e-08,1.2e-05,7.4e-06,1.7e-05,1.1e-07,4.4e-07,1.2e-10,1.2e-05,6.1e-04,"Otto Matic",1889-06-24,2006-12-11,.82587,,,,
"  181P/Shoemaker-Levy 6",3.839,0.7073,16.98,37.68,333.80,1.124,6.55,7.52,8252,2,88,,,,2014-06-10.3,JFc,,-2.9e-09,-8.6e-11,,,1000136,181P,Shoemaker-Levy,P,Y,,0,,16.3,19.3,17.,5.,0.03,,,,,,,,,,,,,"JPL 16",2456908.5,56908,2014-09-08.0,J2000,11.75,0.131,2456818.83,2.75e+03,0.156,60.8,,2.52,3.6e-07,4.2e-06,9.6e-07,6.1e-05,1.1e-04,5.2e-04,8.4e-05,7.1e-06,2.1e-07,5.1e-04,4.5e-03,"Ryan S. Park",1991-11-11,2014-06-15,1.1117,4.0e-10,7.5e-13,,
"  182P/LONEOS",2.931,0.6663,16.91,75.10,51.43,0.978,4.88,5.02,3819,0,197,,,,2007-02-05.8,JFc,,,,,,1000380,182P,LONEOS,P,Y,,0,,20.8,,4.5,,,,,,,,,,,,,,,"JPL 63",2453241.5,53241,2004-08-24.0,J2000,184.06,0.1964,2454137.33,1.83e+03,0.109,42.6,1.01,2.85,3.7e-08,1.9e-08,1.1e-07,1.6e-05,2.4e-05,3.4e-05,5.3e-06,3.1e-08,1.9e-09,3.0e-05,1.8e-05,"Otto Matic",2001-10-26,2012-04-10,.68489,,,,
"  185P/Petriew",3.1,0.6988,14.00,214.10,181.94,0.934,5.27,5.46,4138,0,705,,,,2012-08-13.1,JFc,,,1.4e-10,,,1000349,185P,Petriew,P,Y,,0,,13.6,16.7,9.75,5.,0.03,,,,,,,,,,,,,"JPL K233/10",2457080.5,57080,2015-02-27.0,J2000,167.53,0.1806,2456152.63,1.99e+03,0.0599,23.3,0.179,2.75,1.0e-07,3.9e-08,3.2e-07,1.8e-05,7.8e-05,8.0e-05,5.4e-06,6.7e-08,3.4e-09,3.3e-05,3.8e-05,"Shantanu Naidu",2012-05-27,2023-09-25,.72369,,5.0e-13,,
"  189P/NEAT",2.918,0.5976,20.40,282.20,15.31,1.174,4.66,4.98,7330,0,1469,,,,2007-07-25.9,JFc,,-2.0e-10,-4.9e-11,,,1000400,189P,NEAT,P,Y,,0,,19.1,,4.5,,,,,,,,,,,,,,,"JPL 66",2454804.5,54804,2008-12-04.0,J2000,98.30,0.1978,2454307.44,1.82e+03,0.167,65,0.666,2.91,5.3e-08,2.2e-08,1.6e-07,1.2e-05,9.3e-06,3.4e-05,6.8e-06,3.5e-08,2.2e-09,3.9e-05,2.1e-05,"Otto Matic",2002-07-30,2022-08-24,.74615,5.3e-11,8.1e-14,,
"  197P/LINEAR",2.867,0.6299,25.56,66.40,188.75,1.061,4.67,4.86,7452,0,325,,,,2008-05-18.9,JFc,,-7.1e-11,1.7e-11,-9.8e-12,,1000441,197P,LINEAR,P,Y,,0,,18.2,20.0,5.75,5.,0.03,,,,,,,,,,,,,"JPL 49",2454004.5,54004,2006-09-26.0,J2000,238.00,0.203,2454605.50,1.77e+03,0.0508,19.8,0.452,2.85,9.3e-08,6.9e-08,2.8e-07,1.7e-05,5.0e-05,6.2e-05,8.9e-06,1.1e-07,7.3e-09,3.2e-05,6.4e-05,"Otto Matic",2003-05-23,2023-10-17,.92517,6.6e-11,6.7e-13,7.4e-11,
"  206P/Barnard-Boattini",3.234,0.6485,33.20,204.38,181.36,1.136,5.33,5.81,42448,2,284,,,,2008-10-24.0,JFc,,,,,,1000921,206P,Barnard-Boattini,P,Y,,0,,20.3,,10.,,,,,,,,,,,,,,,"JPL 14",2453922.5,53922,2006-07-06.0,J2000,217.44,0.1695,2454763.55,2.12e+03,0.141,54.9,0.122,2.61,4.7e-07,3.9e-06,2.2e-07,2.9e-05,1.2e-05,6.2e-05,2.4e-04,6.4e-06,3.0e-07,6.6e-05,3.8e-03,"Otto Matic",1892-10-16,2009-01-04,.79823,,,,
"  207P/NEAT",3.881,0.7579,10.15,200.68,271.09,0.940,6.82,7.65,8412,0,216,,,,2008-11-06.9,JFc,,,6.2e-12,,,1000339,207P,NEAT,P,Y,,0,,16.5,,11.,,,,,,,,,,,,,,,"JPL 77",2456142.5,56142,2012-08-03.0,J2000,175.94,0.1289,2454777.42,2.79e+03,0.146,57,0.814,2.45,2.4e-07,9.5e-08,9.6e-07,3.4e-05,7.6e-05,8.8e-05,1.1e-05,1.7e-07,4.7e-09,8.0e-05,1.0e-04,"Otto Matic",2000-10-07,2023-10-19,.66144,,4.3e-13,,
"  209P/LINEAR",2.937,0.6889,20.98,63.20,152.47,0.914,4.96,5.03,5743,0,2832,9,4,,2014-04-25.4,JFc,,,,,,1000487,209P,LINEAR,P,Y,,0,,18.1,,4.5,,,,,,,,,,,,,,,"JPL 141",2455993.5,55993,2012-03-07.0,J2000,207.36,0.1958,2456772.95,1.84e+03,0.0475,18.5,0.458,2.79,9.4e-09,1.7e-08,3.1e-08,3.4e-06,1.8e-06,5.6e-06,2.6e-07,2.9e-08,1.7e-09,6.7e-06,1.6e-05,"Otto Matic",2003-12-03,2019-08-24,.4352,,,,
"  210P/Christensen",3.176,0.8317,10.22,93.87,345.77,0.534,5.82,5.66,6256,0,715,,,,2008-12-19.9,JFc,,-2.1e-10,5.7e-11,-1.1e-10,,1000440,210P,Christensen,P,Y,,0,,14.9,17.8,10.,5.,0.03,,,,,,,,,,,,,"JPL 53",2455230.5,55230,2010-02-03.0,J2000,71.41,0.1742,2454820.48,2.07e+03,0.17,66.3,0.0178,2.49,3.3e-07,7.0e-08,1.1e-06,9.2e-06,1.3e-04,1.5e-04,4.6e-06,1.3e-07,5.7e-09,2.0e-05,6.8e-05,"Otto Matic",2003-05-26,2020-07-11,.81109,1.1e-10,2.6e-13,7.2e-11,
"  217P/LINEAR",3.944,0.6896,12.88,125.62,246.77,1.224,6.66,7.83,6117,0,3274,,,,2009-09-08.9,JFc,,1.6e-09,-1.2e-10,3.3e-12,22,1000345,217P,LINEAR,P,Y,,0,,14.0,,6.5,,,,,,,,,,,,,,,"JPL 133",2455423.5,55423,2010-08-15.0,J2000,42.78,0.1258,2455083.49,2.86e+03,0.308,120,0.655,2.55,6.7e-08,4.5e-08,2.6e-07,5.0e-06,1.9e-05,3.0e-05,2.1e-06,7.5e-08,2.1e-09,1.6e-05,4.9e-05,"Otto Matic",2001-06-21,2018-03-21,.59399,3.2e-11,1.3e-11,2.3e-11,1.91
"  222P/LINEAR",2.857,0.7268,5.15,7.13,345.43,0.781,4.93,4.83,5283,0,239,,,,2009-09-01.1,JFc,,9.0e-11,-4.4e-12,,,1000530,222P,LINEAR,P,Y,,0,,19.3,,11.,,,,,,,,,,,,,,,"JPL 37",2454620.5,54620,2008-06-03.0,J2000,267.12,0.204,2455075.67,1.76e+03,0.0628,24.4,0.509,2.83,8.8e-08,3.6e-08,2.6e-07,6.7e-06,1.3e-04,1.3e-04,2.3e-06,6.2e-08,3.9e-09,1.4e-05,3.3e-05,"Otto Matic",2004-12-07,2019-05-26,.79702,8.3e-11,3.0e-13,,
"  249P/LINEAR",2.77,0.8187,8.40,239.85,64.81,0.502,5.04,4.61,5205,0,884,,,,2015-11-26.7,JFc,,,,,,1002424,249P,LINEAR,P,Y,,0,,18.4,,4.5,,,,,,,,,,,,,,,"JPL 50",2456863.5,56863,2014-07-25.0,J2000,255.31,0.2138,2457353.29,1.68e+03,0.0482,18.8,0.746,2.71,2.7e-08,1.1e-08,7.6e-08,1.1e-05,4.3e-05,4.3e-05,3.2e-06,2.1e-08,1.3e-09,1.5e-05,1.0e-05,"Otto Matic",2006-10-19,2021-01-18,.51849,,,,
"  252P/LINEAR",3.047,0.6731,10.42,190.95,343.31,0.996,5.10,5.32,1972,3,122,,,,2016-03-15.2,JFc,,1.1e-08,-7.2e-09,,,1000298,252P,LINEAR,P,Y,,0,,16.4,,16.5,,,,,,,,,,,,,,,"JPL K212/2",2457552.5,57552,2016-06-13.0,J2000,16.63,0.1853,2457462.76,1.94e+03,0.0122,4.75,0.201,2.82,6.5e-07,6.1e-06,4.8e-07,1.3e-05,4.4e-05,6.3e-05,4.7e-05,1.0e-05,5.5e-07,4.6e-05,5.8e-03,"Davide Farnocchia",2016-04-05,2021-08-29,.5772,4.7e-10,2.8e-10,,
"  255P/Levy",3.025,0.6720,18.33,279.78,179.59,0.992,5.06,5.26,5484,0,503,,,,2006-10-07.3,JFc,,7.2e-09,-4.0e-09,,,1002422,255P,Levy,P,Y,,0,,11.5,15.1,38.,5.,0.03,,,,,,,,,,,,,"JPL 40",2454456.5,54456,2007-12-22.0,J2000,82.56,0.1874,2454015.88,1.92e+03,0.00881,3.43,0.154,2.79,2.1e-07,1.6e-07,6.9e-07,3.3e-05,3.4e-05,8.4e-05,1.5e-05,2.6e-07,1.5e-08,1.1e-04,1.5e-04,"Otto Matic",2006-10-02,2021-10-07,.91265,3.0e-10,7.4e-12,,
"  262P/McNaught-Russell",6.935,0.8154,29.08,218.01,171.17,1.280,12.59,18.3,6706,0,1339,,,,2012-12-04.4,JFC,,,,,,1000154,262P,McNaught-Russell,P,Y,,0,,14.7,,6.5,,,,,,,,,,,,,,,"JPL 40",2455919.5,55919,2011-12-24.0,J2000,341.30,0.05396,2456265.96,6.67e+03,0.291,113,1.51,1.92,3.5e-08,6.5e-08,2.5e-07,1.1e-05,2.0e-05,2.8e-05,2.0e-06,1.2e-07,7.6e-10,3.5e-05,9.4e-05,"Otto Matic",1994-12-12,2013-04-22,.59203,,,,
"  263P/Gibbs",3.061,0.5877,11.54,105.81,34.59,1.262,4.86,5.35,6084,0,751,,,,2017-09-29.8,JFc,,,,,,1002435,263P,Gibbs,P,Y,,0,,18.6,,4.5,,,,,,,,,,,,,,,"JPL 49",2458374.5,58374,2018-09-13.0,J2000,64.08,0.1841,2458026.38,1.96e+03,0.297,116,0.477,2.92,5.2e-08,2.9e-08,1.6e-07,6.3e-06,3.4e-05,4.7e-05,9.5e-06,4.6e-08,2.6e-09,5.6e-05,2.8e-05,"Otto Matic",2006-11-10,2023-07-08,.53733,,,,
"  273P/Pons-Gambart",32.83,0.9753,136.40,320.43,20.19,0.810,64.85,188,68223,3,1140,,,,2012-12-19.6,HTC,,4.4e-10,7.7e-10,,,1000765,273P,Pons-Gambart,P,Y,,0,,11.3,14.9,8.75,5.,0.03,,,,,,,,,,,,,"JPL 11",2456369.5,56369,2013-03-18.0,J2000,0.46,0.005239,2456281.17,6.87e+04,0.172,66.9,1.39,-0.645,3.0e-06,4.0e-03,3.3e-06,2.3e-05,7.2e-05,2.2e-04,8.6e-05,8.0e-03,9.7e-07,9.1e-05,1.3e+01,"Otto Matic",1827-06-21,2014-04-04,.54482,1.2e-09,1.5e-10,,
"  289P/Blanpain",3.045,0.6851,5.90,68.92,9.85,0.959,5.13,5.31,2446,1,342,0,7,,2019-12-20.9,JFc,,,,,,1000750,289P,Blanpain,P,Y,,0,,22.1,,4.5,,,,,,,,,,,,,,,"JPL K192/10",2458703.5,58703,2019-08-08.0,J2000,334.96,0.1855,2458838.49,1.94e+03,0.0165,6.4,0.217,2.82,7.8e-08,6.9e-07,6.5e-08,7.3e-06,7.9e-05,8.0e-05,9.4e-06,1.2e-06,6.3e-08,1.3e-05,6.6e-04,"Davide Farnocchia",2013-07-04,2020-03-15,.4863,,,,
"  294P/LINEAR",3.194,0.5986,18.54,314.34,234.17,1.282,5.11,5.71,4598,0,233,,,,2008-06-16.6,JFc,,,,,,1002493,294P,LINEAR,P,Y,,0,,17.9,,4.5,,,,,,,,,,,,,,,"JPL 32",2455453.5,55453,2010-09-14.0,J2000,141.45,0.1726,2454634.11,2.09e+03,0.379,147,0.97,2.82,2.2e-07,1.7e-07,6.5e-07,2.6e-05,4.7e-05,5.2e-05,2.2e-05,2.6e-07,1.3e-08,1.8e-04,1.6e-04,"Otto Matic",2008-01-13,2020-08-15,.51672,,,,
"  300P/Catalina",2.699,0.6917,5.68,95.69,222.87,0.832,4.57,4.43,3356,0,145,,,,2018-11-02.0,JFc,,,-7.0e-11,,,1000567,300P,Catalina,P,Y,,0,,16.8,19.6,20.5,5.,0.03,,,,,,,,,,,,,"JPL K233/6",2458084.5,58084,2017-11-27.0,J2000,284.41,0.2223,2458424.54,1.62e+03,0.0222,8.66,0.813,2.96,2.7e-07,7.4e-08,7.4e-07,4.1e-05,3.6e-04,3.8e-04,2.3e-05,1.3e-07,9.2e-09,1.1e-04,6.7e-05,"Davide Farnocchia",2014-02-01,2023-04-11,.79961,,7.4e-13,,
"  306P/LINEAR",3.104,0.5983,8.36,341.50,0.77,1.247,4.96,5.47,4156,0,343,,,,2003-08-13.9,JFc,,,,,,1000448,306P,LINEAR,P,Y,,0,,19.4,,4.5,,,,,,,,,,,,,,,"JPL 32",2453403.5,53403,2005-02-02.0,J2000,96.98,0.1802,2452865.46,2e+03,0.239,92.9,0.46,2.9,3.0e-07,3.2e-08,9.2e-07,1.7e-05,7.4e-05,7.5e-05,1.1e-05,5.0e-08,2.7e-09,6.3e-05,3.0e-05,"Otto Matic",2003-07-30,2014-12-15,.7118,,,,
"  317P/WISE",2.957,0.5802,11.96,275.69,334.74,1.241,4.67,5.08,5301,1,93,,,,2015-08-08.4,JFc,,,,,,1003094,317P,WISE,P,Y,,0,,19.5,21.5,4.5,5.,0.03,,,,,,,,,,,,,"JPL 17",2456433.5,56433,2013-05-21.0,J2000,203.07,0.1939,2457242.99,1.86e+03,0.241,93.7,0.577,2.96,4.2e-07,1.7e-07,1.3e-06,3.1e-05,1.6e-04,2.0e-04,6.6e-05,2.6e-07,1.6e-08,3.7e-04,1.6e-04,"Otto Matic",2005-07-28,2020-02-01,.5165,,,,
"  319P/Catalina-McNaught",3.573,0.6650,15.07,111.37,203.68,1.197,5.95,6.75,2803,0,369,,,,2015-07-01.9,JFc,,,,,,1002993,319P,Catalina-McNaught,P,Y,,0,,17.0,,9.,,,,,,,,,,,,,,,"JPL 34",2456545.5,56545,2013-09-10.0,J2000,263.69,0.1459,2457205.43,2.47e+03,0.2,77.9,0.0246,2.65,1.0e-07,6.4e-08,3.6e-07,1.4e-05,6.8e-05,7.7e-05,8.5e-06,1.1e-07,3.9e-09,6.0e-05,6.7e-05,"Otto Matic",2008-05-02,2016-01-04,.565,,,,
"  320P/McNaught",3.103,0.6824,4.89,295.96,0.67,0.985,5.22,5.47,4055,0,121,,,,2010-02-21.0,JFc,,,,,,1000508,320P,McNaught,P,Y,,0,,19.6,,14.25,,,,,,,,,,,,,,,"JPL 30",2455658.5,55658,2011-04-07.0,J2000,73.92,0.1803,2455248.58,2e+03,0.0279,10.8,0.0322,2.8,7.8e-08,2.7e-08,2.4e-07,1.6e-05,2.3e-04,2.3e-04,5.0e-06,4.5e-08,2.3e-09,3.1e-05,2.6e-05,"Otto Matic",2004-09-02,2015-10-10,.71595,,,,
"  321P/SOHO",2.427,0.9807,19.74,165.27,172.41,0.047,4.81,3.78,5539,3,91,,,,2004-12-07.8,JFc,,,-1.8e-12,,,1001745,321P,SOHO,P,Y,,0,,,,,,,,,,,,,,,,,,,"JPL 4",2453458.5,53458,2005-03-29.0,J2000,28.99,0.2607,2453347.32,1.38e+03,0.086,33.5,0.678,2.4,4.3e-05,3.2e-06,1.0e-04,1.2e-01,2.4e-01,2.9e-01,7.0e-04,6.2e-06,5.1e-07,2.9e-03,2.7e-03,"Otto Matic",1997-05-01,2012-06-30,.10611,,9.1e-13,,
"  322P/SOHO",2.516,0.9787,12.59,359.52,49.05,0.054,4.98,3.99,5817,2,318,,,,2015-09-04.0,JFc,,,,,,1001474,322P,SOHO,P,Y,,0,,19.0,,10.,,,,,,,,,,,,,,,"JPL 10",2457179.5,57179,2015-06-06.0,J2000,337.76,0.2469,2457269.56,1.46e+03,0.0922,35.9,1.04,2.35,4.4e-06,5.0e-07,1.1e-05,1.4e-03,1.8e-02,1.7e-02,2.1e-04,9.8e-07,7.3e-08,8.9e-04,4.3e-04,"Davide Farnocchia",1999-09-04,2015-08-08,.44155,,,,
"  323P/SOHO",2.582,0.9848,5.37,324.23,353.17,0.039,5.12,4.15,1561,2,123,,,,2021-01-17.6,JFc,,,,,,1002073,323P,SOHO,P,Y,,0,,23.6,,4.5,,,,,,,,,,,,,,,"JPL K212/6",2459257.5,59257,2021-02-12.0,J2000,6.03,0.2376,2459232.13,1.52e+03,0.0222,8.63,0.221,2.26,4.8e-08,2.7e-06,1.2e-07,5.5e-05,3.3e-04,3.3e-04,9.9e-06,5.4e-06,3.8e-07,5.2e-06,2.4e-03,"Davide Farnocchia",2016-11-23,2021-03-03,.283,,,,
"  325P/Yang-Gao",3.406,0.6241,16.32,258.87,347.00,1.280,5.53,6.29,26052,0,1374,,,,2009-05-22.3,JFc,,,-2.6e-10,,,1003026,325P,Yang-Gao,P,Y,,0,,15.5,,14.5,,,,,,,,,,,,,,,"JPL 51",2455960.5,55960,2012-02-03.0,J2000,154.68,0.1568,2454973.89,2.3e+03,0.273,106,0.0857,2.74,5.6e-08,1.4e-07,2.0e-07,1.0e-05,1.8e-05,2.0e-05,9.9e-06,2.2e-07,9.5e-09,2.3e-05,1.4e-04,"Otto Matic",1951-05-28,2022-09-24,.67055,,1.5e-13,,
"  333P/LINEAR",4.224,0.7359,131.88,115.56,26.14,1.115,7.33,8.68,3553,0,664,,,,2016-04-03.9,JFC,,,,,,1003435,333P,LINEAR,P,Y,,0,,15.0,,7.5,,,,,,21.04,,,,,,,,,"JPL 36",2457030.5,57030,2015-01-08.0,J2000,308.68,0.1135,2457482.44,3.17e+03,0.176,68.6,0.358,0.418,4.9e-08,9.3e-08,2.2e-07,2.4e-05,2.4e-05,2.6e-05,4.3e-06,1.6e-07,3.8e-09,3.1e-05,1.0e-04,"Otto Matic",2007-11-04,2017-07-27,.54084,,,,
"  342P/SOHO",3.043,0.9826,13.27,43.40,58.70,0.053,6.03,5.31,5816,4,283,,,,2016-07-01.6,JFC,,,-1.1e-10,,,1001542,342P,SOHO,P,Y,,0,,,,,,,,,,,,,,,,,,,"JPL 5",2457600.5,57600,2016-07-31.0,J2000,5.45,0.1857,2457571.14,1.94e+03,0.132,51.2,0.98,1.99,5.2e-05,3.4e-05,1.6e-04,6.1e-02,4.3e-01,4.2e-01,5.0e-04,6.7e-05,3.1e-06,3.1e-03,3.2e-02,"Davide Farnocchia",2000-07-30,2016-07-02,.18506,,4.0e-12,,
"  364P/PANSTARRS",2.878,0.7226,12.15,46.22,211.96,0.798,4.96,4.88,3911,0,1452,,,,2018-06-24.3,JFc,,,-5.9e-12,,,1003263,364P,PANSTARRS,P,Y,,0,,17.4,,7.75,,,,,,,,,,,,,,,"JPL 82",2458863.5,58863,2020-01-15.0,J2000,114.96,0.2018,2458293.87,1.78e+03,0.0863,33.6,0.529,2.81,1.8e-08,1.3e-08,5.5e-08,7.0e-06,3.0e-05,3.0e-05,1.9e-06,2.2e-08,1.3e-09,1.3e-05,1.2e-05,"Otto Matic",2013-02-01,2023-10-18,.61539,,1.8e-13,,
"  384P/Kowalski",2.908,0.6154,7.29,354.46,37.28,1.118,4.70,4.96,1920,0,652,,,,2019-10-11.2,JFc,,,,,,1003346,384P,Kowalski,P,Y,,0,,20.0,,4.5,,,,,,,,,,,,,,,"JPL 25",2458322.5,58322,2018-07-23.0,J2000,271.49,0.1988,2458767.74,1.81e+03,0.142,55.4,0.894,2.96,4.9e-08,3.9e-08,1.5e-07,5.5e-06,4.9e-05,5.4e-05,3.9e-06,6.3e-08,4.0e-09,2.6e-05,3.6e-05,"Otto Matic",2014-10-18,2020-01-20,.58132,,,,
"  387P/Boattini",4.799,0.7360,8.90,259.36,162.78,1.267,8.33,10.5,4055,0,347,,,,2019-09-05.3,JFc,,,,,,1003006,387P,Boattini,P,Y,,0,,14.2,17.8,20.,5.,0.03,,,,,,,,,,,,,"JPL 22",2457120.5,57120,2015-04-08.0,J2000,208.93,0.09375,2458731.87,3.84e+03,0.286,111,0.286,2.37,1.8e-07,1.2e-07,8.5e-07,2.8e-05,1.5e-04,1.6e-04,1.0e-05,2.1e-07,3.6e-09,1.0e-04,1.5e-04,"Otto Matic",2008-12-22,2020-01-29,.73842,,,,
"  405P/Lemmon",3.607,0.6891,9.37,3.31,112.29,1.121,6.09,6.85,2775,0,1017,,,,2020-12-24.5,JFc,,,,,,1003292,405P,Lemmon,P,Y,,0,,18.8,,4.5,,,,,,,,,,,,,,,"JPL 56",2458091.5,58091,2017-12-04.0,J2000,199.34,0.1439,2459208.09,2.5e+03,0.204,79.6,0.471,2.63,3.3e-08,2.4e-08,1.1e-07,6.9e-06,4.1e-05,4.4e-05,3.0e-06,4.0e-08,1.4e-09,1.9e-05,2.5e-05,"Otto Matic",2013-10-04,2021-05-10,.68878,,,,
"  414P/STEREO",2.795,0.8117,23.38,257.79,210.74,0.526,5.06,4.67,1779,2,238,,,,2021-01-25.3,JFc,,,,,,1003467,414P,STEREO,P,Y,,0,,16.0,,22.,,,,,,,,,,,,,,,"JPL 10",2459228.5,59228,2021-01-14.0,J2000,357.60,0.2109,2459239.89,1.71e+03,0.32,125,0.838,2.65,4.1e-07,2.1e-06,1.0e-06,1.5e-04,3.0e-04,2.3e-04,9.5e-06,3.9e-06,2.4e-07,4.4e-05,2.0e-03,"Javier Roa",2016-05-11,2021-03-25,.38345,,,,
"  460P/PANSTARRS",3.022,0.6663,18.92,180.53,351.90,1.009,5.04,5.25,1862,1,160,5,5,,2016-03-15.5,JFc,,,,,,1003451,460P,PANSTARRS,P,Y,,0,,20.9,,4.5,,,,,,36.6,,,,,,,,,"JPL 60",2457495.5,57495,2016-04-17.0,J2000,6.09,0.1876,2457463.02,1.92e+03,0.0163,6.33,0.0938,2.8,3.3e-08,3.0e-07,1.4e-08,1.6e-06,2.1e-06,4.5e-06,1.2e-06,5.0e-07,2.8e-08,3.2e-06,2.9e-04,"Otto Matic",2015-12-01,2021-01-05,.31307,,,,
"  463P/NEOWISE",2.977,0.8250,29.50,283.84,215.81,0.521,5.43,5.14,3962,0,103,,,,2023-03-30.0,JFc,,,,,,1003925,463P,NEOWISE,P,Y,,0,,18.3,,8.5,,,,,,,,,,,,,,,"JPL 21",2459357.5,59357,2021-05-23.0,J2000,230.24,0.1919,2460033.58,1.88e+03,0.34,133,0.997,2.49,1.4e-07,4.2e-08,4.1e-07,5.9e-05,8.2e-05,8.7e-05,4.0e-06,7.6e-08,4.0e-09,2.1e-05,4.0e-05,"Otto Matic",2012-09-06,2023-07-13,.54951,,,,
"     D/1766 G1 (Helfenzrieder)",2.665,0.8476,7.87,76.26,178.70,0.406,4.92,4.35,24,,22,,,,1766-04-27.9,JFc,F,,,,,1000703,"1766 G1",Helfenzrieder,D,Y,,0,,,,,,,,,,,,,,,,,,,SAO_2008,2366200.5,-33800,1766-05-03.0,J2000,1.15,0.2266,2366195.41,1.59e+03,,,,2.71,,,,,,,,,,,,Yeomans,1766-04-09,1766-05-03,,,,,
"     D/1770 L1 (Lexell)",3.153,0.7861,1.55,134.47,225.02,0.674,5.63,5.6,110,,130,,,,1770-08-14.0,JFc,F,,,,,1000705,"1770 L1",Lexell,D,Y,,0,,,,,,,,,,,,,,,,,,,SAO_2008,2367764.5,-32236,1770-08-14.0,J2000,-0.01,0.176,2367764.54,2.05e+03,,,,2.61,,,,,,,,,,,,Leverrier,1770-06-15,1770-10-03,,,,,
"     D/1884 O1 (Barnard)",3.073,0.5836,5.47,6.75,301.05,1.280,4.87,5.39,89,7,19,,,,1884-08-16.9,JFc,,,,,,1000889,"1884 O1",Barnard,D,Y,,0,,,,,,,,,,,,,,,,,,,"JPL 2",2409411.5,9411,1884-08-23.0,J2000,1.10,0.183,2409405.47,1.97e+03,0.28,109,0.559,2.94,3.1e-04,2.5e-03,8.3e-05,1.2e-03,6.1e-03,5.0e-03,1.9e-03,3.9e-03,2.2e-04,3.1e-03,2.4e+00,"Otto Matic",1884-07-26,1884-10-23,1.0303,,,,
"     D/1894 F1 (Denning)",3.804,0.6984,5.53,85.71,46.39,1.147,6.46,7.42,70,6,139,,,,1894-02-09.9,JFc,,,,,,1000925,"1894 F1",Denning,D,Y,,0,,12.4,,10.,,,,,,,,,,,,,,,"JPL 3",2412925.5,12925,1894-04-07.0,J2000,7.45,0.1328,2412869.45,2.71e+03,0.177,68.8,0.158,2.59,2.4e-04,3.3e-03,8.4e-05,9.2e-04,1.0e-02,1.6e-02,1.1e-02,5.6e-03,1.7e-04,6.9e-03,3.5e+00,"Otto Matic",1894-03-27,1894-06-05,1.2232,,,,
"     D/1895 Q1 (Swift)",3.729,0.6520,2.99,171.75,167.78,1.298,6.16,7.2,166,,182,,,,1895-08-21.3,JFc,F,,,,,1000927,"1895 Q1",Swift,D,Y,,0,,,,,,,,,,,,,,,,,,,SAO_2008,2413430.5,13430,1895-08-25.0,J2000,0.50,0.1369,2413426.82,2.63e+03,,,,2.68,,,,,,,,,,,,"Belyaev and Stal'bov",1895-08-24,1896-02-06,,,,,
"     C/1905 F1 (Giacobini)",23.56,0.9528,40.07,158.95,358.16,1.113,46.01,114,25,9,5,,,,1905-04-04.5,HTC,,,,,,1000954,"1905 F1",Giacobini,C,Y,,0,,,,,,,,,,,,,,,,,,,"JPL 12",2416955.5,16955,1905-04-20.0,J2000,0.13,0.008618,2416940.00,4.18e+04,0.123,47.8,2.5,1.21,2.2e-02,1.1e+01,2.7e-03,2.0e-01,2.6e-01,5.5e-02,9.4e-02,2.2e+01,6.1e-03,4.7e-02,2.9e+04,"Otto Matic",1905-04-06,1905-05-01,.5076,,,,
"     C/1914 S1 (Campbell)",7.053,0.9038,76.86,2.40,265.28,0.678,13.43,18.7,5,9,5,,,,1914-08-03.1,JFC,,,,,,1000981,"1914 S1",Campbell,C,Y,,0,,,,,,,,,,,,,,,,,,,"JPL 2",2420452.5,20452,1914-11-16.0,J2000,5.52,0.05262,2420347.63,6.84e+03,0.151,58.7,2.98,0.964,6.6e-02,5.2e+00,4.5e-02,1.8e+00,1.3e+00,4.7e+00,6.1e+00,9.8e+00,5.8e-02,3.0e+00,7.5e+03,"Otto Matic",1914-11-13,1914-11-18,.72852,,,,
"     C/1917 F1 (Mellish)",27.4,0.9931,32.69,88.67,121.31,0.190,54.61,143,38,6,11,,,,1917-04-11.1,HTC,,,,,,1000985,"1917 F1",Mellish,C,Y,,0,,11.0,,16.,,,,,,,,,,,,,,,"JPL 2",2421318.5,21318,1917-03-31.0,J2000,359.92,0.006873,2421329.68,5.24e+04,0.0618,24,1.53,0.644,3.8e-05,1.5e-01,9.5e-06,2.9e-03,3.4e-03,2.8e-03,6.2e-04,3.0e-01,5.6e-05,3.7e-04,4.2e+02,"Otto Matic",1917-03-24,1917-05-01,.66659,,,,
"     C/1921 H1 (Dubiago)",17.1,0.9347,22.35,67.13,97.48,1.116,33.09,70.7,40,7,27,,,,1921-05-05.3,HTC,,,,,,1000024,"1921 H1",Dubiago,C,Y,,0,,,,,,,,,,,,,,,,,,,"JPL 10",2422830.5,22830,1921-05-21.0,J2000,0.22,0.01394,2422814.88,2.58e+04,0.384,149,0.817,1.5,1.5e-03,3.9e-01,2.9e-04,4.2e-03,1.7e-02,8.6e-03,7.6e-03,7.6e-01,4.8e-04,1.1e-02,8.9e+02,"Otto Matic",1921-04-29,1921-06-08,1.414,,,,
"     C/1937 D1 (Wilk)",31.97,0.9806,26.01,58.27,31.46,0.619,63.33,181,59,7,17,,,,1937-02-21.5,HTC,,,,,,1001031,"1937 D1",Wilk,C,Y,,0,,,,,,,,,,,,,,,,,,,"JPL 2",2428609.5,28609,1937-03-17.0,J2000,0.13,0.005452,2428586.03,6.6e+04,0.257,100,0.176,1.03,5.9e-04,9.8e-01,7.8e-05,8.6e-03,1.6e-02,2.4e-02,5.9e-03,1.9e+00,2.5e-04,1.0e-02,3.0e+03,"Otto Matic",1937-03-02,1937-04-30,.7264,,,,
"     C/1942 EA (Vaisala)",19.4,0.9336,38.00,172.29,335.22,1.287,37.50,85.4,37,,34,,,,1942-02-15.8,HTC,T,,,,,1001045,"1942 EA",Vaisala,C,Y,,0,,,,,,,,,,,,,,,,,,,SAO_2008,2430406.3,30406,1942-02-15.8,J2000,0.00,0.01154,2430406.32,3.12e+04,,,,1.36,,,,,,,,,,,,Oterma,1942-03-11,1942-04-17,,,,,
"     C/1960 Y1 (Candy)",15.03,0.9303,151.17,177.29,138.76,1.047,29.00,58.2,8,9,8,,,,1961-02-10.9,HTC,,,,,,1001109,"1960 Y1",Candy,C,Y,,0,,,16.5,,5.,0.03,,,,,,,,,,,,,"JPL 2",2437308.5,37308,1961-01-09.0,J2000,359.44,0.01692,2437341.47,2.13e+04,0.152,59.2,0.163,-0.746,8.6e-02,1.9e+01,2.3e-02,3.2e-01,7.0e-02,3.4e+00,1.1e+00,3.6e+01,3.2e-02,3.1e+00,4.0e+04,"Otto Matic",1961-01-05,1961-01-13,.13827,,,,
"     D/1978 R1 (Haneda-Campos)",3.29,0.6652,5.95,132.25,240.46,1.101,5.48,5.97,122,6,62,,,,1978-10-09.4,JFc,,,,,,1000037,"1978 R1",Haneda-Campos,D,Y,,0,,12.8,,4.5,,,,,,,,,,,,,,,"JPL 8",2443773.5,43773,1978-09-22.0,J2000,357.11,0.1652,2443790.99,2.18e+03,0.135,52.5,0.331,2.76,7.3e-05,7.5e-04,1.0e-05,4.7e-04,6.0e-04,5.0e-04,1.0e-03,1.2e-03,5.6e-05,1.8e-04,7.4e-01,"Otto Matic",1978-07-30,1978-11-29,.70003,,,,
"     C/1989 A3 (Bradfield)",19.2,0.9781,83.06,28.44,194.77,0.421,37.97,84.1,53,7,23,,,,1988-12-05.2,HTC,,,,,,1001234,"1989 A3",Bradfield,C,Y,,0,,,,,,,,,,,,,,,,,,,"JPL 2",2447551.5,47551,1989-01-25.0,J2000,0.59,0.01172,2447500.74,3.07e+04,0.573,223,1.32,0.368,6.2e-04,5.6e-01,4.1e-04,1.5e-02,7.5e-03,5.7e-02,2.6e-02,1.1e+00,5.2e-04,2.7e-03,1.4e+03,"Otto Matic",1989-01-07,1989-03-01,.99111,,,,
"     C/1991 L3 (Levy)",13.81,0.9289,19.19,329.43,41.48,0.983,26.64,51.3,587,3,136,,,,1991-07-08.1,HTC,,,,,,1000129,"1991 L3",Levy,C,Y,,0,,8.9,14.5,14.5,5.,0.03,11.6,,,,,,,,,,,,"JPL 10",2448619.5,48619,1991-12-29.0,J2000,3.34,0.0192,2448445.70,1.88e+04,0.0753,29.3,0.0499,1.52,4.5e-06,9.2e-04,4.5e-06,1.0e-04,1.9e-04,3.1e-04,3.4e-04,1.8e-03,1.9e-06,1.7e-04,1.9e+00,"Otto Matic",1991-06-14,1993-01-21,.74332,,,,
"     P/1999 J6 (SOHO)",3.099,0.9842,26.63,81.60,21.95,0.049,6.15,5.46,4000,5,267,,,,2004-11-08.3,JFC,,4.9e-07,-1.9e-09,,,1001439,"1999 J6",SOHO,P,Y,,0,,,,,,,,,,,,,,,,,,,"JPL 7",2454119.5,54119,2007-01-19.0,J2000,144.84,0.1807,2453317.81,1.99e+03,0.00987,3.84,0.707,1.92,6.1e-05,1.1e-04,1.9e-04,6.5e-02,2.6e-01,2.5e-01,3.2e-03,2.3e-04,1.0e-05,4.9e-02,1.1e-01,"Otto Matic",1999-05-10,2010-04-22,.12245,6.0e-07,1.0e-11,,
"     P/1999 RO28 (LONEOS)",3.527,0.6508,8.19,148.45,219.86,1.232,5.82,6.62,67,5,109,,,,1999-10-02.3,JFc,,,,,,1000271,"1999 RO28",LONEOS,P,Y,,0,,20.7,,4.5,,,,,,,,,,,,,,,"JPL 17",2451441.5,51441,1999-09-20.0,J2000,358.16,0.1488,2451453.84,2.42e+03,0.248,96.4,0.192,2.71,5.4e-05,6.0e-04,1.6e-05,4.6e-04,2.7e-04,8.3e-04,5.3e-04,9.8e-04,3.8e-05,6.5e-04,6.1e-01,"Otto Matic",1999-09-07,1999-11-13,.53078,,,,
"     C/2001 OG108 (LONEOS)",13.3,0.9253,80.25,10.56,116.42,0.994,25.61,48.5,340,2,882,,,,2002-03-15.2,HTC,,,,,,1000373,"2001 OG108",LONEOS,C,Y,,0,,13.3,,11.5,,,13.6,,0.054,57.12,,,,,,,,1.00,"JPL 42",2452248.5,52248,2001-12-05.0,J2000,357.96,0.02032,2452348.71,1.77e+04,0.301,117,0.968,0.597,8.3e-07,1.5e-04,1.8e-07,2.3e-05,8.9e-06,1.7e-05,3.4e-05,2.8e-04,3.4e-07,2.0e-05,2.9e-01,"Otto Matic",2001-07-28,2002-07-03,.62489,,,,
"     C/2001 W2 (BATTERS)",17.93,0.9414,115.91,113.36,142.09,1.051,34.81,75.9,198,4,350,,,,2001-12-23.9,HTC,,,,,,1000362,"2001 W2",BATTERS,C,Y,,0,,12.1,,10.75,,,,,,,,,,,,,,,"JPL 23",2452248.5,52248,2001-12-05.0,J2000,359.75,0.01298,2452267.42,2.77e+04,0.146,56.7,0.883,-0.257,1.0e-05,3.2e-03,1.6e-06,1.1e-04,1.1e-04,3.2e-04,6.4e-05,6.2e-03,3.5e-06,1.8e-04,7.4e+00,"Otto Matic",2001-11-21,2002-06-07,.58196,,,,
"     C/2002 R5 (SOHO)",3.216,0.9853,14.12,13.21,45.73,0.047,6.38,5.77,2105,5,64,,,,2002-09-05.1,JFC,,,,,,1001843,"2002 R5",SOHO,C,Y,,0,,,,,,,,,,,,,,,,,,,"JPL 4",2453575.5,53575,2005-07-24.0,J2000,179.91,0.1709,2452522.68,2.11e+03,0.0941,36.6,0.956,1.88,8.8e-05,1.4e-04,2.8e-04,1.7e-01,8.1e-01,1.6e+00,6.9e-03,2.8e-04,1.1e-05,2.9e-02,1.4e-01,"Otto Matic",2002-09-05,2008-06-10,.087419,,,,
"     P/2002 S7 (SOHO)",3.224,0.9848,13.58,50.19,52.17,0.049,6.40,5.79,2114,4,39,,,,2008-07-04.8,JFC,,,,,,1001852,"2002 S7",SOHO,P,Y,,0,,,,,,,,,,,,,,,,,,,"JPL 4",2453663.5,53663,2005-10-20.0,J2000,191.61,0.1703,2454652.33,2.11e+03,0.114,44.5,0.908,1.88,9.7e-05,3.7e-05,3.1e-04,3.3e-01,8.5e-01,1.3e+00,1.9e-03,7.3e-05,2.9e-06,5.8e-03,3.6e-02,"Otto Matic",2002-09-20,2008-07-04,.12642,,,,
"     P/2003 T12 (SOHO)",2.568,0.7762,11.48,176.47,217.67,0.575,4.56,4.12,4592,1,491,,,,2012-01-26.4,JFc,,,,,,1002004,"2003 T12",SOHO,P,Y,,0,,19.6,,21.75,,,,,,,,,,,,,,,"JPL 9",2456072.5,56072,2012-05-25.0,J2000,28.63,0.2395,2455952.95,1.5e+03,0.155,60.2,1.02,2.89,7.6e-07,4.7e-07,1.9e-06,7.2e-05,7.1e-04,8.7e-04,4.0e-05,8.3e-07,6.5e-08,1.5e-04,4.1e-04,"Otto Matic",2003-10-09,2016-05-05,.34753,,,,
"     P/2005 T4 (SWAN)",9.324,0.9304,160.04,25.42,41.44,0.649,18.00,28.5,17,8,31,,,,2005-10-10.5,HTC,,,,,,1001673,"2005 T4",SWAN,P,Y,,0,,15.4,,10.,,,,,,,,,,,,,,,"JPL 7",2453667.5,53667,2005-10-24.0,J2000,0.47,0.03462,2453654.04,1.04e+04,0.157,61.2,0.355,-0.365,1.4e-03,1.9e-01,7.8e-06,6.7e-04,3.9e-03,1.1e-02,1.4e-02,3.7e-01,1.1e-03,4.7e-03,3.2e+02,"Otto Matic",2005-10-14,2005-10-31,.67104,,,,
"     P/2006 HR30 (Siding Spring)",7.818,0.8431,31.88,309.95,117.41,1.226,14.41,21.9,1034,2,3059,,,,2007-01-02.2,HTC,,,,,,1002409,"2006 HR30","Siding Spring",P,Y,,0,,13.9,,4.5,,,,,,70.7,,,,,,,,,"JPL 89",2454046.5,54046,2006-11-07.0,J2000,357.46,0.04509,2454102.78,7.98e+03,0.453,176,0.574,1.79,4.5e-07,2.3e-05,1.1e-07,6.0e-06,7.4e-06,1.0e-05,1.1e-05,4.2e-05,2.0e-07,1.4e-05,3.5e-02,"Otto Matic",2005-07-06,2008-05-05,.42835,,,,
"     P/2007 T2 (Kowalski)",3.093,0.7750,9.90,4.00,358.55,0.696,5.49,5.44,160,6,50,,,,2007-09-19.0,JFc,,1.3e-08,2.4e-09,,,1002480,"2007 T2",Kowalski,P,Y,,0,,18.5,,4.5,,,,,,,,,,,,,,,"JPL 22",2454411.5,54411,2007-11-07.0,J2000,8.88,0.1812,2454362.52,1.99e+03,0.156,60.8,0.0304,2.64,8.8e-05,1.1e-03,2.6e-05,6.5e-04,1.6e-03,1.8e-03,4.8e-03,2.0e-03,9.8e-05,1.0e-03,1.1e+00,"Otto Matic",2007-08-11,2008-01-18,.27926,4.7e-09,3.1e-09,,
"     P/2008 Y12 (SOHO)",3.078,0.9788,23.35,312.57,146.62,0.065,6.09,5.4,1973,4,76,,,,2008-12-22.4,JFC,,,,,,1003317,"2008 Y12",SOHO,P,Y,,0,,,,,,,,,,,,,,,,,,,"JPL 5",2455493.5,55493,2010-10-24.0,J2000,122.37,0.1825,2454822.97,1.97e+03,0.0446,17.4,0.95,1.98,3.7e-04,3.6e-05,1.1e-03,9.8e-02,1.1e+00,9.3e-01,4.1e-03,7.2e-05,3.2e-06,1.1e-02,3.5e-02,"Otto Matic",2008-12-21,2014-05-17,.1675,,,,
"     P/2009 WX51 (Catalina)",3.08,0.7403,9.59,31.76,118.02,0.800,5.36,5.41,146,4,113,,,,2010-01-31.0,JFc,,,,,,1003080,"2009 WX51",Catalina,P,Y,,0,,20.6,,10.,,,,,,,,,,,,,,,"JPL 21",2455174.5,55174,2009-12-09.0,J2000,350.32,0.1823,2455227.58,1.97e+03,0.00933,3.63,0.508,2.71,9.4e-06,1.0e-04,2.0e-06,1.7e-04,4.4e-04,3.7e-04,5.1e-04,1.8e-04,9.2e-06,1.1e-04,1.0e-01,"Otto Matic",2009-11-22,2010-04-17,.49193,,,,
"     C/2010 L5 (WISE)",8.26,0.9042,147.05,206.47,214.76,0.791,15.73,23.7,31,8,34,,,,2010-04-23.1,HTC,,,,,,1003099,"2010 L5",WISE,C,Y,,0,,18.9,20.6,4.5,5.,0.03,,,,,,,,,,,,,"JPL 7",2455379.5,55379,2010-07-02.0,J2000,2.90,0.04152,2455309.66,8.67e+03,0.113,44,0.217,-0.273,1.3e-03,1.2e-01,7.5e-04,7.5e-03,3.2e-03,9.6e-02,6.6e-02,2.3e-01,9.2e-04,5.2e-02,1.9e+02,"Otto Matic",2010-06-14,2010-07-15,.9058,,,,
"     P/2011 NO1 (Elenin)",5.615,0.7790,15.38,296.11,263.45,1.241,9.99,13.3,51,6,60,,,,2011-01-20.1,JFc,,,,,,1003138,"2011 NO1",Elenin,P,Y,,0,,17.1,,4.5,,,,,,,,,,,,,,,"JPL 10",2455757.5,55757,2011-07-15.0,J2000,13.02,0.07408,2455581.70,4.86e+03,0.381,148,0.904,2.18,1.0e-04,2.4e-03,5.9e-05,8.2e-03,1.3e-03,1.4e-02,9.1e-03,4.3e-03,4.8e-05,4.9e-02,3.2e+00,"Otto Matic",2011-06-12,2011-08-02,.84452,,,,
"     C/2011 S2 (Kowalski)",16.31,0.9316,17.57,288.07,192.19,1.115,31.50,65.8,180,4,343,,,,2011-10-26.3,HTC,,,,,,1003152,"2011 S2",Kowalski,C,Y,,0,,15.6,,4.5,,,,,,,,,,,,,,,"JPL 17",2455857.5,55857,2011-10-23.0,J2000,359.95,0.01497,2455860.85,2.41e+04,0.138,53.6,1.05,1.55,2.3e-05,5.7e-03,6.7e-06,6.3e-05,3.9e-04,4.1e-04,2.0e-05,1.1e-02,7.8e-06,4.2e-04,1.3e+01,"Otto Matic",2011-09-30,2012-03-28,.67406,,,,
"     P/2012 NJ (La Sagra)",8.503,0.8481,84.38,315.76,338.41,1.292,15.71,24.8,272,3,2490,,,,2012-06-13.0,HTC,,,,,,1003198,"2012 NJ","La Sagra",P,Y,,0,,14.8,,4.5,,,,,,,,,,,,,,,"JPL 33",2456158.5,56158,2012-08-19.0,J2000,2.66,0.03975,2456091.59,9.06e+03,0.315,123,2.41,0.745,4.7e-06,2.7e-04,8.6e-07,6.0e-05,2.8e-05,1.1e-04,1.3e-04,5.0e-04,1.9e-06,1.4e-04,4.3e-01,"Otto Matic",2012-07-13,2013-04-11,.30882,,,,
"     P/2015 A3 (PANSTARRS)",7.482,0.8459,172.51,277.08,249.62,1.153,13.81,20.5,155,6,57,,,,2015-02-22.8,HTC,,,,,,1003369,"2015 A3",PANSTARRS,P,Y,,0,,20.7,,4.5,,,,,,,,,,,,,,,"JPL 3",2457067.5,57067,2015-02-14.0,J2000,359.57,0.04816,2457076.37,7.48e+03,0.204,79.4,0.235,-0.573,1.8e-04,9.1e-03,5.1e-05,3.0e-04,4.4e-04,1.2e-03,9.3e-04,1.7e-02,8.8e-05,3.2e-03,1.4e+01,"Otto Matic",2015-01-08,2015-06-12,.29375,,,,
"     C/2015 D1 (SOHO)",4.989,0.9943,69.62,95.88,234.96,0.028,9.95,11.1,3,9,417,,,,2015-02-19.7,JFC,,1.2e-06,,,,1003377,"2015 D1",SOHO,C,Y,,0,,10.0,,4.5,,,,,,,,,,,,,,,"JPL 4",2457073.5,57073,2015-02-20.0,J2000,0.02,0.08845,2457073.25,4.07e+03,0.516,201,3.57,1.12,5.7e-04,5.0e-01,1.2e-05,2.5e-02,1.5e-02,2.3e-02,3.3e-03,9.9e-01,1.3e-02,8.4e-05,6.1e+02,"Otto Matic",2015-02-18,2015-02-21,.53771,9.7e-08,,,
"     C/2015 F5 (SWAN-Xingming)",15.55,0.9777,149.26,287.74,13.39,0.346,30.75,61.3,43,6,209,,,,2015-03-28.0,HTC,,,,,,1003382,"2015 F5",SWAN-Xingming,C,Y,,0,,14.1,19.6,4.5,5.,0.03,,,,,,,,,,,,,"JPL 10",2457134.5,57134,2015-04-22.0,J2000,0.40,0.01607,2457109.60,2.24e+04,0.442,172,0.6,-0.289,5.5e-05,3.9e-02,5.4e-06,1.0e-03,1.3e-03,4.4e-03,1.5e-03,7.7e-02,6.0e-05,8.5e-04,8.4e+01,"Otto Matic",2015-04-05,2015-05-18,.91173,,,,
"     C/2015 X8 (NEOWISE)",19.55,0.9391,155.28,191.11,20.40,1.190,37.91,86.4,683,5,116,,,,2015-10-23.1,HTC,,,-4.5e-07,,,1003429,"2015 X8",NEOWISE,C,Y,,0,,16.2,18.1,4.5,5.,0.03,,,,,,,,,,,,,"JPL 23",2457409.5,57409,2016-01-22.0,J2000,1.04,0.0114,2457318.62,3.16e+04,0.217,84.4,1.29,-0.944,3.6e-05,1.2e-02,1.9e-05,6.4e-05,4.2e-04,2.0e-03,9.7e-04,2.3e-02,1.0e-05,2.3e-03,2.9e+01,"Otto Matic",2015-12-14,2017-10-27,.69001,,5.2e-08,,
"     P/2017 Y3 (Leonard)",9.865,0.8707,27.59,153.87,67.53,1.275,18.45,31,265,4,93,,,,2018-02-11.2,HTC,,,,,,1003554,"2017 Y3",Leonard,P,Y,,0,,16.5,18.6,11.,5.,0.03,,,,,,,,,,,,,"JPL 9",2458169.5,58169,2018-02-20.0,J2000,0.28,0.03181,2458160.76,1.13e+04,0.491,191,0.441,1.73,1.2e-05,9.5e-04,3.0e-06,5.8e-05,1.2e-04,2.3e-04,4.5e-05,1.8e-03,4.6e-06,2.4e-04,1.6e+00,"Otto Matic",2017-12-26,2018-09-17,.64057,,,,
"     P/2019 M2 (ATLAS)",3.026,0.6485,12.28,307.60,332.52,1.063,4.99,5.26,126,4,342,,,,2019-06-22.6,JFc,,,,,,1003635,"2019 M2",ATLAS,P,Y,,0,,20.6,,4.5,,,,,,,,,,,,,,,"JPL 11",2458706.5,58706,2019-08-11.0,J2000,9.24,0.1873,2458657.17,1.92e+03,0.0773,30.1,0.468,2.85,8.5e-06,7.5e-05,6.0e-07,9.7e-05,1.2e-04,7.7e-05,3.4e-04,1.2e-04,6.9e-06,5.4e-05,7.1e-02,"Otto Matic",2019-06-29,2019-11-02,.42675,,,,
"     P/2019 Y3 (Catalina)",2.998,0.6958,24.64,139.38,2.27,0.912,5.08,5.19,41,6,84,,,,2019-12-13.4,JFc,,,,,,1003654,"2019 Y3",Catalina,P,Y,,0,,19.1,,4.5,,,,,,,,,,,,,,,"JPL 4",2458846.5,58846,2019-12-29.0,J2000,2.95,0.1899,2458830.96,1.9e+03,0.074,28.8,0.0395,2.73,7.4e-05,8.0e-04,2.5e-05,7.2e-04,2.9e-03,9.8e-04,1.3e-03,1.4e-03,7.6e-05,5.7e-04,7.6e-01,"Otto Matic",2019-12-17,2020-01-27,.63285,,,,
"     P/2020 G1 (Pimentel)",3.603,0.8596,18.47,240.11,207.64,0.506,6.70,6.84,97,5,490,,,,2020-03-17.4,JFc,,,,,,1003672,"2020 G1",Pimentel,P,Y,,0,,17.4,18.5,4.5,5.,0.03,,,,,,,,,,,,,"JPL 11",2458973.5,58973,2020-05-04.0,J2000,6.86,0.1441,2458925.91,2.5e+03,0.272,106,0.255,2.25,1.7e-05,4.7e-04,6.5e-06,2.0e-04,5.9e-04,1.5e-03,1.4e-03,8.8e-04,2.8e-05,4.0e-04,4.9e-01,"Otto Matic",2020-04-13,2020-07-19,.82649,,,,
"     C/2020 M3 (ATLAS)",26.82,0.9527,23.47,71.25,328.45,1.268,52.37,139,348,3,2344,,,,2020-10-25.6,HTC,,,,,,1003699,"2020 M3",ATLAS,C,Y,,0,,14.6,,6.,,,,,,,,,,,,,,,"JPL 22",2459179.5,59179,2020-11-26.0,J2000,0.22,0.007097,2459148.12,5.07e+04,0.327,127,0.886,1.46,2.3e-06,1.3e-03,5.0e-07,2.7e-05,9.6e-06,1.7e-05,1.7e-05,2.6e-03,5.3e-07,1.8e-05,3.8e+00,"Otto Matic",2020-06-27,2021-06-10,.4736,,,,
"     P/2021 HS (PANSTARRS)",4.196,0.8102,12.17,262.40,46.09,0.796,7.59,8.59,243,4,181,,,,2021-08-06.3,JFc,,,,,,1003811,"2021 HS",PANSTARRS,P,Y,,0,,20.6,,4.5,,,,,,,,,,,,,,,"JPL 39",2459398.5,59398,2021-07-03.0,J2000,356.06,0.1147,2459432.89,3.14e+03,0.0423,16.5,0.352,2.27,5.7e-06,1.2e-04,1.4e-06,8.2e-05,2.2e-04,2.0e-04,1.6e-04,2.1e-04,4.8e-06,3.8e-05,1.3e-01,"Otto Matic",2021-04-10,2021-12-09,.41302,,,,
"     P/2021 N1 (ZTF)",2.977,0.6768,11.51,301.16,21.19,0.962,4.99,5.14,25,7,96,,,,2021-06-06.5,JFc,,,,,,1003792,"2021 N1",ZTF,P,Y,,0,,17.8,,21.75,,,,,,,,,,,,,,,"JPL 3",2459402.5,59402,2021-07-07.0,J2000,5.84,0.1919,2459372.05,1.88e+03,0.0211,8.2,0.525,2.84,4.3e-04,4.7e-03,2.5e-04,1.3e-03,2.1e-02,1.0e-02,1.5e-02,7.9e-03,4.6e-04,3.7e-03,4.5e+00,"Otto Matic",2021-06-17,2021-07-12,.59516,,,,
"     P/2021 PE20 (ATLAS)",3.746,0.6708,20.02,99.63,210.45,1.233,6.26,7.25,95,5,112,,,,2021-06-07.1,JFc,,,,,,1003909,"2021 PE20",ATLAS,P,Y,,0,,15.4,,16.25,,,,,,,,,,,,,,,"JPL 23",2459463.5,59463,2021-09-06.0,J2000,12.35,0.1359,2459372.68,2.65e+03,0.255,99.3,0.123,2.57,3.9e-05,4.2e-04,1.0e-05,2.0e-04,1.1e-03,3.6e-04,2.5e-03,7.0e-04,2.3e-05,3.6e-03,4.4e-01,"Otto Matic",2021-08-09,2021-11-12,.61139,,,,
"     P/2021 Q5 (ATLAS)",3.285,0.6242,10.73,239.78,180.89,1.235,5.34,5.96,55,7,258,,,,2021-08-30.4,JFc,,,,,,1003804,"2021 Q5",ATLAS,P,Y,,0,,15.7,16.5,5.5,5.,0.03,,,,,,,,,,,,,"JPL 8",2459474.5,59474,2021-09-17.0,J2000,2.91,0.1655,2459456.93,2.18e+03,0.247,96.3,0.0404,2.8,2.6e-04,2.5e-03,1.1e-04,4.3e-04,4.6e-03,8.6e-03,4.9e-03,4.1e-03,1.9e-04,9.3e-03,2.5e+00,"Otto Matic",2021-08-29,2021-10-23,.73309,,,,
"     C/2023 E1 (ATLAS)",19.33,0.9469,38.31,164.57,105.89,1.027,37.63,85,299,3,2890,,,,2023-07-01.1,HTC,,4.6e-09,-6.6e-10,2.6e-09,,1003914,"2023 E1",ATLAS,C,Y,,0,,16.1,,7.25,,,,,,,,,,,,,,,"JPL 30",2460126.5,60126,2023-07-01.0,J2000,360.00,0.0116,2460126.61,3.1e+04,0.365,142,1.4,1.24,5.4e-06,2.0e-03,7.2e-07,1.2e-04,1.2e-05,1.8e-05,1.9e-07,3.9e-03,1.8e-06,3.1e-05,4.8e+00,"Otto Matic",2022-12-25,2023-10-20,.48749,5.4e-10,2.3e-10,2.2e-10,
