"spkid","full_name","pdes","name","prefix","neo","pha","sats","H","G","M1","M2","K1","K2","PC","diameter","extent","albedo","rot_per","GM","BV","UB","IR","spec_B","spec_T","H_sigma","diameter_sigma","orbit_id","epoch","epoch_mjd","epoch_cal","equinox","e","a","q","i","om","w","ma","ad","n","tp","tp_cal","per","per_y","moid","moid_ld","moid_jup","t_jup","sigma_e","sigma_a","sigma_q","sigma_i","sigma_om","sigma_w","sigma_ma","sigma_ad","sigma_n","sigma_tp","sigma_per","class","producer","data_arc","first_obs","last_obs","n_obs_used","n_del_obs_used","n_dop_obs_used","condition_code","rms","two_body","A1","A1_sigma","A2","A2_sigma","A3","A3_sigma","DT","DT_sigma"
1000036,"    1P/Halley",1P,Halley,P,Y,,0,,,5.5,13.6,8.0,5.0,0.03,11.0,14.9x8.2,0.04,,,,,,,,,,"JPL 73",2439857.5,39857,1968-01-02.0,J2000,0.9679,17.93,0.575,162.19,59.11,112.26,274.14,35.28,0.01298,2446470.15,1986-02-08.6,2.77e+04,75.9,0.0753,29.3,0.782,-0.598,7.5e-09,9.9e-09,1.4e-07,1.5e-05,2.0e-05,2.0e-05,1.2e-07,1.9e-08,1.1e-11,1.3e-05,2.3e-05,HTC,"Davide Farnocchia",57852,1835-08-21,1994-01-11,8548,,,0,.61018,,4.8e-10,4.0e-11,1.6e-10,4.6e-15,,,,
1000025,"    2P/Encke",2P,Encke,P,Y,,0,,,15.4,,4.5,,,4.8,,0.046,11.083,,,,,,,,,"JPL K235/15",2457421.5,57421,2016-02-03.0,J2000,0.8484,2.215,0.336,11.78,334.57,186.55,240.09,4.09,0.299,2457822.56,2017-03-10.0,1.2e+03,3.3,0.173,67.4,0.921,3.02,4.4e-08,1.9e-08,9.7e-08,7.2e-06,3.2e-05,3.2e-05,3.1e-06,3.5e-08,3.8e-09,1.4e-05,1.5e-05,ETc,"Davide Farnocchia",4840,2009-08-15,2022-11-15,2915,,,0,.68737,,,,,,,,,
1000026,"    4P/Faye",4P,Faye,P,,,0,,,11.1,13.2,9.25,5.,0.03,3.54,,,,,,,,,,,,"JPL K212/28",2458518.5,58518,2019-02-04.0,J2000,0.5846,3.797,1.577,8.16,194.83,205.98,234.18,6.02,0.1332,2459463.15,2021-09-05.6,2.7e+03,7.4,0.589,229,0.0664,2.74,1.1e-07,2.1e-07,4.5e-07,5.6e-06,5.9e-05,7.1e-05,1.5e-05,3.3e-07,1.1e-08,4.6e-05,2.2e-04,JFc,"Davide Farnocchia",3289,2013-05-23,2022-05-25,3554,,,0,.55331,,5.0e-09,1.2e-10,1.4e-09,6.6e-11,-9.4e-10,4.5e-11,,
1000017,"    6P/d'Arrest",6P,d'Arrest,P,,,0,,,15.9,,8.5,,,3.2,,,,,,,,,,,,"JPL K212/13",2459302.5,59302,2021-03-29.0,J2000,0.6127,3.497,1.355,19.51,138.94,178.11,333.96,5.64,0.1507,2459475.29,2021-09-17.7,2.39e+03,6.54,0.343,133,0.208,2.71,1.4e-07,6.2e-07,7.1e-07,9.0e-06,3.0e-05,7.4e-05,1.5e-05,1.0e-06,4.0e-08,7.0e-05,6.4e-04,JFc,"Davide Farnocchia",2913,2014-03-10,2022-03-01,1093,,,1,.63861,,1.8e-10,2.7e-10,-8.5e-10,1.2e-10,,,,
1000069,"    7P/Pons-Winnecke",7P,Pons-Winnecke,P,Y,,0,,,16.0,,4.5,,,5.2,,,,,,,,,,,,"JPL 30",2457137.5,57137,2015-04-25.0,J2000,0.6376,3.419,1.239,22.33,93.42,172.51,13.17,5.60,0.1559,2457053.03,2015-01-30.5,2.31e+03,6.32,0.226,87.8,0.273,2.68,2.9e-08,3.0e-08,1.0e-07,7.1e-06,1.4e-05,1.8e-05,2.8e-06,5.0e-08,2.1e-09,1.9e-05,3.1e-05,JFc,"Davide Farnocchia",37122,1921-04-28,2022-12-16,1679,,,0,.66978,,6.4e-11,3.6e-13,-5.2e-12,5.0e-13,-1.0e-10,2.8e-12,150,5.52
1000099,"    8P/Tuttle",8P,Tuttle,P,Y,,0,,,14.6,,4.5,,,4.5,,,,,,,,,,,1.00,"JPL K215/24",2454701.5,54701,2008-08-23.0,J2000,0.8198,5.7,1.027,54.98,270.34,207.51,15.13,10.37,0.07242,2454492.52,2008-01-27.0,4.97e+03,13.6,0.0953,37.1,0.738,1.6,4.1e-08,5.2e-07,2.7e-07,1.2e-05,3.1e-05,2.9e-05,7.8e-07,9.4e-07,9.9e-09,2.8e-05,6.8e-04,JFC,"Davide Farnocchia",20161,1967-01-07,2022-03-20,1768,,,0,.6884,,4.2e-10,4.3e-11,-1.7e-11,1.5e-11,-4.6e-11,6.6e-11,67.5,12.8
1000093,"    9P/Tempel 1",9P,Tempel,P,,,0,,,12.8,,9.25,,,6.0,7.6x4.9,0.05,40.7,,,,,,,,0.20,"JPL K223/33",2457392.5,57392,2016-01-05.0,J2000,0.5098,3.147,1.542,10.47,68.76,179.19,322.82,4.75,0.1766,2457603.06,2016-08-02.5,2.04e+03,5.58,0.528,205,0.295,2.97,5.2e-08,6.7e-08,1.9e-07,4.2e-06,3.8e-05,3.9e-05,6.0e-06,1.0e-07,5.6e-09,3.5e-05,6.5e-05,JFc,"Davide Farnocchia",5183,2008-10-25,2023-01-03,3196,,,0,.49049,,3.0e-11,2.6e-11,1.2e-11,1.2e-12,,,,
1000094,"   10P/Tempel 2",10P,Tempel,P,,,0,,,14.3,,5.25,,,10.6,,0.022,8.93,,,,,,,,,"JPL K214/42",2456347.5,56347,2013-02-24.0,J2000,0.5363,3.065,1.421,12.03,117.80,195.55,177.37,4.71,0.1837,2455381.90,2010-07-04.4,1.96e+03,5.37,0.412,160,0.623,2.96,3.8e-08,4.2e-08,1.3e-07,3.2e-06,2.0e-05,2.1e-05,4.6e-06,6.5e-08,3.8e-09,2.2e-05,4.1e-05,JFc,"Davide Farnocchia",7281,2003-03-07,2023-02-11,4398,,,0,.62845,,2.2e-10,1.7e-11,5.3e-12,5.7e-13,6.7e-11,1.8e-11,,
1000110,"   14P/Wolf",14P,Wolf,P,,,0,,,15.7,,4.5,,,4.66,,,9.02,,,,,,,,,"JPL K174/9",2455880.5,55880,2011-11-15.0,J2000,0.3575,4.247,2.729,27.94,202.11,159.20,111.53,5.76,0.1126,2454890.11,2009-02-27.6,3.2e+03,8.75,1.74,678,0.0426,2.72,1.4e-07,1.5e-07,5.7e-07,1.7e-05,3.7e-05,3.3e-05,1.4e-05,2.0e-07,5.8e-09,1.6e-04,1.7e-04,JFc,"Javier Roa",10439,1992-07-27,2021-02-24,361,,,0,.45551,,,,,,,,,
1000044,"   17P/Holmes",17P,Holmes,P,,,0,,,9.4,13.8,14.75,5.,0.03,3.42,,,,,,,,,,,,"JPL K212/32",2457680.5,57680,2016-10-19.0,J2000,0.4302,3.626,2.066,19.07,326.77,24.74,133.79,5.19,0.1427,2456743.22,2014-03-26.7,2.52e+03,6.91,1.07,418,0.481,2.86,1.1e-07,1.4e-07,4.5e-07,6.7e-06,4.5e-05,5.9e-05,2.2e-05,2.1e-07,8.5e-09,1.7e-04,1.5e-04,JFc,"Davide Farnocchia",4401,2011-01-04,2023-01-22,2208,,,0,.61363,,2.9e-09,2.2e-10,9.8e-10,9.2e-11,,,,
1000005,"   19P/Borrelly",19P,Borrelly,P,,,0,,,9.7,13.2,15.5,5.,0.03,4.8,,0.022,,,,,,,,,,"JPL K222/7",2459258.5,59258,2021-02-13.0,J2000,0.6379,3.607,1.306,29.32,74.31,351.86,309.10,5.91,0.1439,2459612.25,2022-02-01.7,2.5e+03,6.85,0.323,126,0.443,2.56,8.8e-08,4.1e-07,4.2e-07,9.9e-06,1.9e-05,4.1e-05,1.5e-05,6.7e-07,2.4e-08,5.5e-05,4.2e-04,JFc,"Davide Farnocchia",3098,2014-07-29,2023-01-21,2397,,,1,.6267,,3.6e-09,1.3e-10,-1.1e-10,9.6e-11,,,,
1000032,"   21P/Giacobini-Zinner",21P,Giacobini-Zinner,P,Y,,0,,,13.1,,8.5,,,2.0,,,,,,,,,,,,"JPL K182/14",2458063.5,58063,2017-11-06.0,J2000,0.7105,3.5,1.013,32.00,195.41,172.81,313.61,5.99,0.1505,2458371.77,2018-09-10.2,2.39e+03,6.55,0.0179,6.96,0.248,2.46,1.1e-07,1.5e-07,3.8e-07,7.8e-06,2.4e-05,3.9e-05,5.0e-06,2.6e-07,9.6e-09,3.2e-05,1.5e-04,JFc,"Shantanu Naidu",3196,2011-05-01,2020-01-30,1987,,,0,.50573,,3.1e-09,7.2e-11,-1.8e-09,4.4e-11,-1.8e-09,4.2e-11,,
1000054,"   22P/Kopff",22P,Kopff,P,,,0,,,12.0,,9.5,,,3.0,,0.05,,,,,,,,,0.40,"JPL K222/33",2458523.5,58523,2019-02-09.0,J2000,0.5486,3.444,1.555,4.74,120.84,162.91,185.33,5.33,0.1542,2459656.39,2022-03-17.8,2.33e+03,6.39,0.538,209,0.0796,2.87,8.3e-08,8.8e-08,2.5e-07,5.7e-06,1.5e-04,1.5e-04,1.1e-05,1.4e-07,5.9e-09,9.6e-05,9.0e-05,JFc,"Davide Farnocchia",3656,2013-01-17,2023-01-21,2668,,,0,.67538,,,,-4.3e-10,3.1e-11,,,,
1000077,"   24P/Schaumasse",24P,Schaumasse,P,Y,,0,,,12.0,15.6,16.,5.,0.03,2.6,,,,,,,,,,,,"JPL K173/9",2457350.5,57350,2015-11-24.0,J2000,0.7048,4.086,1.206,11.73,79.67,58.00,273.65,6.97,0.1193,2458074.26,2017-11-16.7,3.02e+03,8.26,0.283,110,0.457,2.5,1.3e-06,1.7e-05,6.3e-07,1.7e-05,7.5e-05,1.5e-04,5.2e-04,2.9e-05,7.5e-07,1.6e-04,1.9e-02,JFc,"Shantanu Naidu",6464,2000-10-07,2018-06-19,832,,,3,.6705,,1.1e-09,8.8e-11,-1.0e-09,1.6e-10,,,,
1000034,"   26P/Grigg-Skjellerup",26P,Grigg-Skjellerup,P,Y,,0,,,16.8,,5.,,,2.6,,,,,,,,,,,,"JPL K234/7",2455440.5,55440,2010-09-01.0,J2000,0.6339,3.038,1.112,22.41,211.64,1.64,165.88,4.96,0.1861,2454549.21,2008-03-23.7,1.93e+03,5.3,0.107,41.8,0.00215,2.81,5.9e-08,4.6e-08,1.8e-07,1.1e-05,3.3e-05,3.6e-05,5.8e-06,7.6e-08,4.3e-09,3.2e-05,4.4e-05,JFc,"Davide Farnocchia",5475,2007-12-19,2022-12-15,430,,,0,.66993,,,,,,,,,
1000063,"   28P/Neujmin 1",28P,Neujmin,P,,,0,,,13.2,,4.5,,,21.4,,0.025,,,,,,,,,,"JPL 72",2460047.5,60047,2023-04-13.0,J2000,0.7736,6.982,1.581,14.31,346.34,347.47,40.72,12.38,0.05343,2459285.26,2021-03-11.7,6.74e+03,18.4,0.574,223,0.96,2.17,2.2e-08,3.4e-08,1.5e-07,2.5e-06,4.1e-05,3.7e-05,5.1e-06,6.0e-08,3.9e-10,9.4e-05,4.9e-05,JFc,"Davide Farnocchia",39970,1913-09-08,2023-02-13,1161,,,0,.31314,,,,,,,,,
1000079,"   29P/Schwassmann-Wachmann 1",29P,Schwassmann-Wachmann,P,,,0,,,10.1,,4.5,,,60.4,,0.033,,,,,,,,,7.40,"JPL K192/80",2459945.5,59945,2023-01-01.0,J2000,0.0448,6.047,5.777,9.36,312.39,50.91,89.62,6.32,0.06628,2458593.29,2019-04-19.7,5.43e+03,14.9,4.78,1.86e+03,0.792,2.99,2.8e-08,1.3e-07,8.9e-08,1.9e-06,1.1e-05,3.3e-05,2.9e-05,1.3e-07,2.1e-09,4.5e-04,1.7e-04,JFc,"Shantanu Naidu",5053,2009-02-17,2022-12-19,624,,,0,.5309,,,,,,,,,
1000070,"   30P/Reinmuth 1",30P,Reinmuth,P,,,0,,,13.6,,6.75,,,7.8,,,,,,,,,,,,"JPL K243/3",2456229.5,56229,2012-10-29.0,J2000,0.5017,3.774,1.881,8.13,119.73,13.15,124.10,5.67,0.1344,2455306.34,2010-04-19.8,2.68e+03,7.33,0.897,349,0.159,2.84,1.7e-07,2.1e-07,6.9e-07,9.2e-06,6.4e-05,8.7e-05,2.6e-05,3.2e-07,1.1e-08,1.5e-04,2.2e-04,JFc,"Davide Farnocchia",4786,2009-08-20,2022-09-27,1874,,,0,.60421,,-4.6e-09,3.0e-10,2.2e-10,4.3e-11,,,,
1000080,"   31P/Schwassmann-Wachmann 2",31P,Schwassmann-Wachmann,P,,,0,,,7.2,14.0,17.5,5.,0.03,6.2,,,,,,,,,,,,"JPL K193/22",2455554.5,55554,2010-12-24.0,J2000,0.1930,4.243,3.424,4.55,114.19,17.93,9.65,5.06,0.1128,2455468.96,2010-09-29.4,3.19e+03,8.74,2.44,949,0.0552,2.99,9.0e-08,5.6e-08,3.8e-07,1.0e-05,1.1e-04,1.3e-04,4.8e-05,6.6e-08,2.2e-09,4.3e-04,6.3e-05,JFc,"Shantanu Naidu",7492,2000-11-24,2021-05-30,1019,,,0,.75507,,,,-5.3e-08,1.5e-09,,,,
1000015,"   32P/Comas Sola",32P,"Comas Sola",P,,,0,,,11.1,13.4,8.75,5.,0.03,8.4,,,,,,,,,,,,"JPL K142/2",2455348.5,55348,2010-06-01.0,J2000,0.5546,4.51,2.009,9.97,57.84,53.31,195.18,7.01,0.1029,2456950.22,2014-10-19.7,3.5e+03,9.58,1.04,406,0.246,2.68,1.4e-07,2.2e-07,7.2e-07,1.7e-05,3.7e-05,4.0e-05,1.0e-05,3.5e-07,7.7e-09,1.9e-04,2.6e-04,JFc,"Davide Farnocchia",4341,2004-07-20,2016-06-08,3121,,,0,.64129,,-8.3e-09,3.7e-10,8.6e-10,2.1e-10,-9.0e-10,1.7e-10,-181,8.49
1000018,"   33P/Daniel",33P,Daniel,P,,,0,,,15.2,,4.5,,,2.6,,,,,,,,,,,,"JPL K163/7",2455481.5,55481,2010-10-12.0,J2000,0.4624,4.03,2.167,22.39,66.54,18.91,99.12,5.89,0.1218,2454667.91,2008-07-20.4,2.96e+03,8.09,1.19,464,0.152,2.73,1.3e-06,3.2e-07,5.3e-06,1.4e-05,1.2e-04,3.6e-04,9.8e-05,4.7e-07,1.5e-08,8.2e-04,3.5e-04,JFc,"Javier Roa",6347,1999-11-13,2017-03-30,403,,,1,.88372,,3.4e-09,1.3e-09,4.7e-10,1.4e-11,,,,
1000105,"   36P/Whipple",36P,Whipple,P,,,0,,,10.5,14.4,13.25,5.,0.03,4.56,,,,,,,,,,,,"JPL 23",2454696.5,54696,2008-08-18.0,J2000,0.2582,4.165,3.089,9.94,182.39,201.95,217.19,5.24,0.116,2455927.96,2012-01-01.4,3.1e+03,8.5,2.1,815,0.26,2.95,8.3e-08,4.0e-08,3.4e-07,1.0e-05,5.0e-05,5.7e-05,1.9e-05,5.0e-08,1.7e-09,1.5e-04,4.4e-05,JFc,"Davide Farnocchia",26894,1948-07-18,2022-03-06,937,,,0,.63989,,5.3e-09,9.6e-10,-5.4e-10,3.3e-11,,,,
1000028,"   37P/Forbes",37P,Forbes,P,,,0,,,11.5,15.4,16.25,5.,0.03,1.92,,,,,,,,,,,,"JPL K182/10",2457840.5,57840,2017-03-28.0,J2000,0.5345,3.456,1.609,8.96,314.64,330.00,298.31,5.30,0.1534,2458242.65,2018-05-04.1,2.35e+03,6.42,0.599,233,0.226,2.87,2.6e-07,4.8e-07,9.4e-07,1.2e-05,5.4e-05,1.0e-04,3.1e-05,7.4e-07,3.2e-08,1.3e-04,4.9e-04,JFc,"Shantanu Naidu",2866,2011-02-08,2018-12-14,1199,,,1,.57623,,7.7e-09,2.3e-10,2.0e-10,9.3e-11,,,,
1000101,"   40P/Vaisala 1",40P,Vaisala,P,,,0,,,11.7,14.8,13.,5.,0.03,4.2,,,,,,,,,,,,"JPL K148/7",2457262.5,57262,2015-08-28.0,J2000,0.6316,4.94,1.820,11.49,133.84,47.29,25.60,8.06,0.08977,2456977.34,2014-11-15.8,4.01e+03,11,0.848,330,0.0865,2.53,8.4e-08,5.2e-08,4.1e-07,5.6e-06,5.2e-05,5.4e-05,5.6e-06,8.4e-08,1.4e-09,5.9e-05,6.3e-05,JFc,"Ryan S. Park",27930,1939-01-18,2015-07-08,1128,,,0,.84439,,,,-1.1e-10,2.5e-13,,,,
1000100,"   41P/Tuttle-Giacobini-Kresak",41P,Tuttle-Giacobini-Kresak,P,Y,,0,,,15.3,,17.,,,1.4,,,,,,,,,,,,"JPL K171/18",2457844.5,57844,2017-04-01.0,J2000,0.6613,3.085,1.045,9.23,141.07,62.16,357.86,5.12,0.1819,2457856.25,2017-04-12.7,1.98e+03,5.42,0.134,52,0.488,2.83,3.7e-07,3.4e-06,3.3e-08,2.7e-06,1.4e-05,1.9e-05,3.3e-06,5.6e-06,3.0e-07,7.9e-06,3.3e-03,JFc,"Davide Farnocchia",262,2016-11-10,2017-07-30,4259,2,7,2,.41437,,1.7e-08,2.2e-10,4.3e-09,2.2e-10,1.5e-09,1.2e-10,11.4,0.594
1000065,"   42P/Neujmin 3",42P,Neujmin,P,,,0,,,13.2,16.4,15.,5.,0.03,2.2,,,,,,,,,,,,"JPL K155/2",2457380.5,57380,2015-12-24.0,J2000,0.5842,4.876,2.028,3.98,150.28,147.12,23.78,7.73,0.09153,2457120.71,2015-04-08.2,3.93e+03,10.8,1.01,395,0.025,2.63,6.6e-07,5.4e-07,3.3e-06,2.1e-05,1.6e-04,2.8e-04,6.7e-05,8.5e-07,1.5e-08,7.2e-04,6.5e-04,JFc,"Ryan S. Park",15880,1972-04-17,2015-10-09,297,,,0,.73554,,1.3e-08,4.1e-10,-1.0e-09,1.7e-10,,,77.1,7.75
1000111,"   43P/Wolf-Harrington",43P,Wolf-Harrington,P,,,0,,,8.6,13.9,17.,5.,0.03,3.6,,,,,,,,,,,,"JPL K162/8",2456756.5,56756,2014-04-09.0,J2000,0.5949,3.35,1.357,15.97,249.87,191.56,221.22,5.34,0.1607,2457619.92,2016-08-19.4,2.24e+03,6.13,0.376,146,0.0733,2.79,2.1e-07,2.2e-07,7.4e-07,7.4e-06,5.7e-05,7.1e-05,2.0e-05,3.5e-07,1.6e-08,6.6e-05,2.2e-04,JFc,"Shantanu Naidu",2939,2009-05-24,2017-06-10,1635,,,0,.66646,,3.6e-09,9.7e-11,2.4e-10,4.0e-11,,,,
1000071,"   44P/Reinmuth 2",44P,Reinmuth,P,,,0,,,14.4,,4.5,,,3.22,,,,,,,,,,,,"JPL K223/39",2458083.5,58083,2017-11-26.0,J2000,0.4262,3.691,2.118,5.90,286.46,58.19,135.98,5.26,0.139,2457105.20,2015-03-23.7,2.59e+03,7.09,1.12,435,0.52,2.93,7.4e-08,5.3e-08,2.8e-07,1.2e-05,1.3e-04,1.4e-04,2.7e-05,7.6e-08,3.0e-09,2.0e-04,5.6e-05,JFc,"Davide Farnocchia",5727,2007-06-18,2023-02-21,1746,,,0,.63019,,,,-6.3e-10,4.2e-12,,,,
1000045,"   45P/Honda-Mrkos-Pajdusakova",45P,Honda-Mrkos-Pajdusakova,P,Y,,0,,,13.7,18.0,22.,5.,0.03,1.6,,,,,,,,,,,,"JPL K222/7",2457979.5,57979,2017-08-14.0,J2000,0.8240,3.026,0.533,4.25,88.93,326.34,42.26,5.52,0.1872,2457753.78,2016-12-31.2,1.92e+03,5.26,0.0604,23.5,0.105,2.58,7.2e-08,7.1e-07,2.4e-07,4.5e-06,1.1e-04,1.2e-04,1.6e-05,1.3e-06,6.6e-08,8.8e-06,6.8e-04,JFc,"Davide Farnocchia",2067,2016-11-05,2022-07-04,1823,8,4,1,.64613,,5.4e-09,7.6e-10,1.8e-10,1.2e-10,,,-25.8,4.86
1000109,"   46P/Wirtanen",46P,Wirtanen,P,Y,,0,,,16.5,,4.5,,,1.2,,,,,,,,,,,,"JPL K181/22",2458465.5,58465,2018-12-13.0,J2000,0.6588,3.093,1.055,11.75,82.16,356.34,0.01,5.13,0.1812,2458465.43,2018-12-12.9,1.99e+03,5.44,0.0713,27.8,0.169,2.82,2.2e-07,2.0e-06,5.3e-09,3.1e-06,3.4e-06,6.8e-06,7.8e-07,3.3e-06,1.7e-07,4.3e-06,1.9e-03,JFc,"Davide Farnocchia",419,2018-05-08,2019-07-01,4177,4,1,2,.46566,,4.0e-09,4.8e-11,-1.3e-09,4.9e-11,8.1e-10,3.2e-11,,
1000003,"   47P/Ashbrook-Jackson",47P,Ashbrook-Jackson,P,,,0,,,11.3,,8.,,,5.6,,,15.6,,,,,,,,,"JPL K257/2",2455635.5,55635,2011-03-15.0,J2000,0.3189,4.113,2.802,13.05,356.98,357.84,91.16,5.43,0.1181,2454863.89,2009-02-01.3,3.05e+03,8.34,1.8,700,0.025,2.91,6.3e-08,4.1e-08,2.4e-07,6.8e-06,2.2e-05,2.0e-05,4.9e-06,5.4e-08,1.8e-09,4.8e-05,4.5e-05,JFc,"Davide Farnocchia",16433,1977-04-28,2022-04-25,2728,,,0,.79474,,,,,,,,,
1000049,"   48P/Johnson",48P,Johnson,P,,,0,,,9.3,13.5,15.75,5.,0.03,5.74,,,,,,,,,,,,"JPL 68",2455228.5,55228,2010-02-01.0,J2000,0.3678,3.642,2.302,13.66,117.29,207.83,274.21,4.98,0.1418,2455833.47,2011-09-28.9,2.54e+03,6.95,1.3,506,0.475,2.94,9.3e-08,3.5e-08,3.3e-07,9.4e-06,2.0e-05,2.7e-05,9.9e-06,4.8e-08,2.1e-09,7.1e-05,3.7e-05,JFc,"Davide Farnocchia",26012,1949-09-24,2020-12-12,2140,,,0,.74371,,5.7e-09,8.6e-11,-1.7e-10,2.6e-12,,,,
1000002,"   49P/Arend-Rigaux",49P,Arend-Rigaux,P,,,0,,,14.2,,5.75,,,8.48,,0.028,13.45,,,,,,,,,"JPL K183/17",2455800.5,55800,2011-08-27.0,J2000,0.6004,3.563,1.424,19.05,118.88,332.79,352.22,5.70,0.1465,2455853.58,2011-10-19.0,2.46e+03,6.73,0.462,180,0.158,2.71,5.1e-08,5.9e-08,1.8e-07,5.4e-06,1.9e-05,2.4e-05,5.1e-06,9.5e-08,3.6e-09,3.6e-05,6.1e-05,JFc,"Davide Farnocchia",5870,2004-06-24,2020-07-20,3325,,,0,.54262,,-1.7e-10,1.5e-11,6.3e-11,6.2e-12,3.4e-10,2.1e-11,155,9.09
1000001,"   50P/Arend",50P,Arend,P,,,0,,,14.1,,8.,,,1.9,,,,,,,,,,,,"JPL K163/2",2455190.5,55190,2009-12-25.0,J2000,0.5298,4.088,1.922,19.16,355.32,49.01,93.55,6.25,0.1192,2454405.96,2007-11-01.4,3.02e+03,8.27,0.981,382,0.603,2.69,1.5e-07,8.8e-08,6.6e-07,9.0e-06,2.3e-05,5.9e-05,1.6e-05,1.3e-07,3.9e-09,1.2e-04,9.8e-05,JFc,"Davide Farnocchia",6447,1999-08-03,2017-03-28,1693,,,0,.68498,,2.4e-09,2.9e-10,-1.1e-10,2.9e-12,,,,
1000038,"   51P/Harrington",51P,Harrington,P,,,0,,,18.6,,4.5,,,4.8,,,,,,,,,,,,"JPL K222/3",2457925.5,57925,2017-06-21.0,J2000,0.5420,3.71,1.699,5.42,83.72,269.16,93.59,5.72,0.1379,2457246.91,2015-08-12.4,2.61e+03,7.15,0.703,274,0.371,2.81,4.3e-06,2.0e-06,1.7e-05,1.3e-04,2.2e-03,3.9e-03,5.8e-04,3.0e-06,1.1e-07,3.9e-03,2.1e-03,JFc,"Davide Farnocchia",2701,2015-05-25,2022-10-16,99,,,2,.85207,,3.0e-07,1.0e-08,-8.7e-08,3.7e-09,-2.1e-08,2.1e-09,,
1000363,"   51P/Harrington-A",51P-A,Harrington,P,,,0,,,10.6,15.1,15.,5.,0.03,4.8,,,,,,,,,,,,"JPL 8",2451677.5,51677,2000-05-13.0,J2000,0.5621,3.581,1.568,8.65,119.19,233.59,303.46,5.59,0.1455,2452066.19,2001-06-05.6,2.47e+03,6.78,0.582,226,0.393,2.81,2.5e-06,1.7e-06,8.5e-06,4.4e-05,2.2e-04,1.0e-03,1.8e-04,2.6e-06,1.0e-07,1.4e-03,1.7e-03,JFc,"Davide Farnocchia",7593,1994-09-10,2015-06-25,246,,,2,.85978,,2.6e-08,2.0e-09,3.1e-09,1.0e-10,,,,
1000039,"   52P/Harrington-Abell",52P,Harrington-Abell,P,,,0,,,11.7,15.5,16.25,5.,0.03,2.6,,,,,,,,,,,,"JPL K212/18",2457561.5,57561,2016-06-22.0,J2000,0.5401,3.859,1.775,10.23,336.84,139.66,108.90,5.94,0.13,2456723.87,2014-03-07.3,2.77e+03,7.58,0.806,314,0.0354,2.77,3.4e-07,9.0e-08,1.3e-06,9.9e-06,6.4e-05,9.1e-05,1.8e-05,1.4e-07,4.5e-09,1.3e-04,9.7e-05,JFc,"Davide Farnocchia",3159,2013-10-01,2022-05-26,1156,,,0,.55548,,-4.8e-09,3.7e-10,-1.6e-10,3.8e-10,,,,
1000102,"   53P/Van Biesbroeck",53P,"Van Biesbroeck",P,,,0,,,9.9,12.5,10.,5.,0.03,6.66,,,,,,,,,,,,"JPL K162/8",2455782.5,55782,2011-08-09.0,J2000,0.5511,5.405,2.426,6.61,148.90,134.27,224.54,8.38,0.07845,2457509.30,2016-04-30.7,4.59e+03,12.6,1.42,551,0.00943,2.65,7.4e-08,1.1e-07,4.3e-07,6.7e-06,9.1e-05,9.4e-05,1.6e-05,1.8e-07,2.5e-09,2.6e-04,1.4e-04,JFc,"Davide Farnocchia",6192,2001-02-20,2018-02-03,2911,,,0,.61036,,-1.2e-08,1.2e-09,4.6e-09,4.6e-10,2.2e-09,4.4e-10,-179,11.8
1000095,"   55P/Tempel-Tuttle",55P,Tempel-Tuttle,P,Y,,0,,,10.0,16.0,25.0,10.0,,3.6,,0.06,,,,,,,,,,"JPL J985/69",2451040.5,51040,1998-08-15.0,J2000,0.9056,10.34,0.976,162.49,235.27,172.50,4.98,19.70,0.02965,2450872.60,1998-02-28.0,1.21e+04,33.2,0.00848,3.3,,-0.637,6.8e-08,5.2e-07,7.3e-07,1.9e-05,1.0e-04,1.5e-04,1.4e-06,9.9e-07,2.2e-09,3.9e-05,9.1e-04,HTC,"M.S.W. Keesey",48407,1865-12-22,1998-07-05,392,,,,.72806,,1.6e-09,3.5e-10,9.2e-11,2.0e-13,,,,
1000087,"   56P/Slaughter-Burnham",56P,Slaughter-Burnham,P,,,0,,,9.4,13.4,14.5,5.,0.03,3.12,,,,,,,,,,,,"JPL K162/3",2456513.5,56513,2013-08-09.0,J2000,0.5073,5.086,2.506,8.15,346.04,44.22,267.70,7.67,0.08593,2457587.58,2016-07-18.0,4.19e+03,11.5,1.52,591,0.0223,2.71,1.6e-07,1.1e-07,7.9e-07,6.5e-06,6.7e-05,9.2e-05,1.8e-05,1.6e-07,2.7e-09,2.1e-04,1.3e-04,JFc,"Davide Farnocchia",4940,2004-07-15,2018-01-23,1983,,,0,.60139,,-3.8e-08,2.1e-09,2.0e-08,1.7e-09,,,,
1000050,"   59P/Kearns-Kwee",59P,Kearns-Kwee,P,,,0,,,10.4,14.7,15.25,5.,0.03,1.58,,,,,,,,,,,,"JPL K182/6",2456600.5,56600,2013-11-04.0,J2000,0.4764,4.491,2.352,9.34,312.86,127.75,176.09,6.63,0.1036,2454900.12,2009-03-09.6,3.48e+03,9.52,1.38,537,0.00636,2.77,2.3e-07,1.4e-07,9.8e-07,8.7e-06,5.8e-05,1.2e-04,3.3e-05,2.1e-07,4.9e-09,3.0e-04,1.6e-04,JFc,"Davide Farnocchia",3925,2008-07-09,2019-04-08,1270,,,0,.68005,,,,,,,,,
1000082,"   61P/Shajn-Schaldach",61P,Shajn-Schaldach,P,,,0,,,13.9,,7.25,,,2.4,,,,,,,,,,,,"JPL K223/5",2457726.5,57726,2016-12-04.0,J2000,0.4255,3.68,2.114,6.01,163.02,221.92,59.87,5.25,0.1396,2457297.63,2015-10-02.1,2.58e+03,7.06,1.12,437,0.31,2.93,2.3e-07,5.6e-08,8.7e-07,1.1e-05,1.2e-04,2.5e-04,7.6e-05,7.9e-08,3.2e-09,5.5e-04,5.9e-05,JFc,"Davide Farnocchia",5374,2008-06-07,2023-02-23,2245,,,0,.64795,,3.2e-09,5.5e-10,-2.3e-09,1.0e-10,-5.9e-09,2.1e-10,-116,5.5
1000106,"   63P/Wild 1",63P,Wild,P,,,0,,,6.5,14.3,27.,5.,0.03,2.9,,,,,,,,,,,,"JPL 31",2456717.5,56717,2014-03-01.0,J2000,0.6509,5.588,1.951,19.78,358.00,169.03,24.19,9.22,0.07462,2456393.33,2013-04-10.8,4.82e+03,13.2,0.96,374,1.31,2.41,1.4e-07,2.1e-07,8.3e-07,1.5e-05,2.3e-05,1.3e-04,2.0e-05,3.4e-07,4.1e-09,2.6e-04,2.7e-04,JFc,"Ryan S. Park",19491,1960-04-16,2013-08-27,1948,,,0,.58205,,3.0e-09,5.1e-10,-1.1e-09,1.4e-12,,,,
1000090,"   64P/Swift-Gehrels",64P,Swift-Gehrels,P,,,0,,,14.5,,6.,,,3.2,,,,,,,,,,,,"JPL K183/8",2458096.5,58096,2017-12-09.0,J2000,0.6873,4.456,1.393,8.95,300.00,97.14,325.43,7.52,0.1048,2458426.41,2018-11-03.9,3.44e+03,9.41,0.44,171,0.649,2.5,2.4e-08,7.4e-08,1.1e-07,3.0e-06,2.8e-05,4.0e-05,3.9e-06,1.3e-07,2.6e-09,3.2e-05,8.6e-05,JFc,"Davide Farnocchia",6707,2000-12-22,2019-05-04,3436,,,0,.44957,,,,5.1e-10,3.1e-12,,,,
1000035,"   65P/Gunn",65P,Gunn,P,,,0,,,10.5,,8.5,,,10.8,,,,,,,,,,,,"JPL K171/21",2457956.5,57956,2017-07-22.0,J2000,0.2501,3.881,2.910,9.19,62.02,213.53,348.82,4.85,0.1289,2458043.24,2017-10-16.7,2.79e+03,7.64,1.9,739,0.393,2.99,2.7e-07,2.0e-06,6.5e-07,8.1e-06,5.1e-05,7.2e-05,4.0e-05,2.5e-06,9.9e-08,2.5e-04,2.2e-03,JFc,"Shantanu Naidu",3443,2013-09-23,2023-02-26,1968,,,1,.54238,,-6.4e-08,7.4e-09,-1.7e-08,1.5e-09,2.0e-08,3.7e-09,,
1000012,"   67P/Churyumov-Gerasimenko",67P,Churyumov-Gerasimenko,P,Y,,0,,,12.8,,8.,,,3.4,,,12.76129,662.2e-9,,,,,,,0.10,"JPL K212/38",2457691.5,57691,2016-10-30.0,J2000,0.6419,3.464,1.240,7.05,50.05,12.84,67.81,5.69,0.1529,2457247.92,2015-08-13.4,2.36e+03,6.45,0.254,99,0.0825,2.74,3.0e-08,4.7e-08,1.1e-07,2.1e-06,1.7e-05,1.5e-05,2.3e-06,7.6e-08,3.1e-09,2.0e-05,4.7e-05,JFc,"Davide Farnocchia",3328,2013-04-17,2022-05-28,7133,,,0,.51733,,6.3e-10,2.2e-11,-9.5e-11,5.9e-12,,,,
1000051,"   68P/Klemola",68P,Klemola,P,,,0,,,11.2,14.1,11.75,5.,0.03,4.4,,,,,,,,,,,,"JPL K192/2",2457446.5,57446,2016-02-28.0,J2000,0.6403,4.899,1.762,11.18,175.30,153.84,237.03,8.04,0.09089,2458799.42,2019-11-11.9,3.96e+03,10.8,0.76,296,0.174,2.52,8.2e-08,5.8e-08,4.0e-07,5.4e-06,6.6e-05,7.2e-05,8.8e-06,9.5e-08,1.6e-09,8.0e-05,7.0e-05,JFc,"Davide Farnocchia",4656,2008-04-13,2021-01-11,1669,,,0,.5734,,,,,,,,,
1000053,"   70P/Kojima",70P,Kojima,P,,,0,,,12.1,14.9,12.,5.,0.03,3,,,,,,,,,,,,"JPL 64",2457120.5,57120,2015-04-08.0,J2000,0.4540,3.675,2.007,6.60,119.27,1.96,23.69,5.34,0.1399,2456951.18,2014-10-20.6,2.57e+03,7.04,1.02,398,0.14,2.9,9.0e-08,3.7e-08,3.3e-07,5.3e-06,2.1e-05,4.3e-05,1.8e-05,5.3e-08,2.1e-09,1.2e-04,3.8e-05,JFc,"Davide Farnocchia",18799,1970-12-27,2022-06-16,2074,,,0,.54668,,2.0e-10,4.7e-11,-7.5e-11,9.5e-13,,,,
1000014,"   71P/Clark",71P,Clark,P,,,0,,,11.3,14.6,13.75,5.,0.03,1.36,,,,,,,,,,,,"JPL K232/9",2458147.5,58147,2018-01-29.0,J2000,0.4944,3.137,1.586,9.45,59.45,208.92,37.74,4.69,0.1774,2457934.72,2017-06-30.2,2.03e+03,5.56,0.58,226,0.556,2.99,2.0e-07,5.8e-07,8.5e-07,1.1e-05,3.3e-05,7.2e-05,2.5e-05,8.7e-07,4.9e-08,1.0e-04,5.6e-04,JFc,"Davide Farnocchia",2552,2016-03-04,2023-02-28,1042,,,1,.65368,,3.1e-08,2.8e-10,3.0e-09,1.3e-10,,,,
1000088,"   74P/Smirnova-Chernykh",74P,Smirnova-Chernykh,P,,,0,,,6.7,12.1,14.,5.,0.03,4.46,,,,,,,,,,,,"JPL K183/41",2456199.5,56199,2012-09-29.0,J2000,0.1477,4.166,3.551,6.65,77.08,86.59,134.50,4.78,0.1159,2455039.20,2009-07-26.7,3.11e+03,8.5,2.57,1e+03,0.478,3.01,4.4e-08,5.3e-08,2.0e-07,3.9e-06,3.5e-05,4.1e-05,1.8e-05,6.0e-08,2.2e-09,1.5e-04,5.9e-05,ETc,"Shantanu Naidu",9310,1997-07-14,2023-01-09,5844,,,0,.6564,,2.0e-07,1.6e-08,-9.9e-08,1.9e-09,,,,
1000052,"   75D/Kohoutek",75D,Kohoutek,D,,,0,,,10.5,14.5,10.0,5.0,0.03,4.6,,,,,,,,,,,,"JPL J873/16",2449520.5,49520,1994-06-17.0,J2000,0.4963,3.543,1.785,5.91,269.69,175.80,358.09,5.30,0.1478,2449533.40,1994-06-29.8,2.44e+03,6.67,0.801,312,,2.89,1.0e-06,5.3e-06,1.3e-06,5.6e-05,4.3e-04,4.9e-04,4.9e-04,7.9e-06,3.3e-07,3.4e-03,5.4e-03,JFc,"M.S.W. Keesey",4784,1975-02-09,1988-03-16,81,,,,1.4735,,4.0e-08,4.5e-10,8.7e-09,1.6e-11,,,,
1000104,"   76P/West-Kohoutek-Ikemura",76P,West-Kohoutek-Ikemura,P,,,0,,,15.4,17.2,10.25,5.,0.03,0.66,,,,,,,,,,,,"JPL K195/8",2455628.5,55628,2011-03-08.0,J2000,0.5384,3.471,1.602,30.48,84.11,0.05,239.28,5.34,0.1524,2456420.54,2013-05-08.0,2.36e+03,6.47,0.617,240,0.0488,2.69,1.4e-07,2.3e-08,5.0e-07,1.4e-05,1.4e-05,6.3e-05,1.6e-05,3.5e-08,1.5e-09,1.1e-04,2.3e-05,JFc,"Shantanu Naidu",9743,1993-07-20,2020-03-23,1156,,,0,.83969,,4.3e-10,7.8e-11,-1.7e-10,2.3e-13,,,,
1000059,"   77P/Longmore",77P,Longmore,P,,,0,,,9.6,13.3,14.,5.,0.03,8.2,,,,,,,,,,,,"JPL 54",2455953.5,55953,2012-01-27.0,J2000,0.3559,3.608,2.324,24.38,14.92,197.07,134.32,4.89,0.1438,2455019.69,2009-07-07.1,2.5e+03,6.85,1.33,517,0.202,2.86,1.2e-07,3.3e-08,4.3e-07,1.3e-05,1.4e-05,2.8e-05,1.2e-05,4.4e-08,1.9e-09,8.7e-05,3.4e-05,JFc,"Shantanu Naidu",17367,1975-08-11,2023-02-27,2091,,,0,.77935,,3.9e-10,1.5e-10,-4.7e-10,2.8e-12,9.4e-10,2.0e-10,,
1000022,"   79P/du Toit-Hartley",79P,"du Toit-Hartley",P,Y,,0,,,17.4,,4.5,,,2.8,,,,,,,,,,,,"JPL 17",2454391.5,54391,2007-10-18.0,J2000,0.5941,3.031,1.231,2.89,307.84,253.27,318.28,4.83,0.1867,2454614.91,2008-05-28.4,1.93e+03,5.28,0.234,91.1,0.366,2.94,4.5e-07,3.6e-07,1.5e-06,2.3e-05,2.1e-04,2.3e-04,2.0e-05,5.7e-07,3.3e-08,1.1e-04,3.4e-04,JFc,"Javier Roa",9595,1986-12-27,2013-04-04,215,,,1,.88891,,-4.0e-10,2.0e-10,-6.7e-13,1.1e-12,,,,
1000107,"   81P/Wild 2",81P,Wild,P,,,0,,,9.3,12.9,13.5,5.,0.03,4.0,,,,,,,,,,,,"JPL K222/4",2458399.5,58399,2018-10-08.0,J2000,0.5379,3.449,1.594,3.24,136.12,41.72,124.64,5.30,0.1539,2457589.57,2016-07-20.0,2.34e+03,6.4,0.598,233,0.0132,2.88,8.2e-08,9.0e-08,2.9e-07,9.1e-06,2.2e-04,2.2e-04,1.6e-05,1.4e-07,6.0e-09,1.0e-04,9.2e-05,JFc,"Davide Farnocchia",3062,2014-10-17,2023-03-06,2146,,,0,.5815,,2.7e-09,1.1e-10,7.2e-10,8.2e-11,-1.0e-09,6.7e-11,-115,4.69
1000031,"   82P/Gehrels 3",82P,Gehrels,P,,,0,,,7.6,16.4,18.5,5.,0.03,1.46,,,,,,,,,,,,"JPL 19",2452484.5,52484,2002-07-29.0,J2000,0.1233,4.135,3.626,1.13,239.59,227.50,38.99,4.65,0.1172,2452151.79,2001-08-30.2,3.07e+03,8.41,2.64,1.03e+03,0.517,3.03,6.6e-07,2.3e-07,2.8e-06,2.2e-05,1.8e-03,1.8e-03,1.7e-04,2.6e-07,9.8e-09,1.4e-03,2.6e-04,ETc,"Javier Roa",16277,1975-10-27,2020-05-20,143,,,0,.62987,,,,2.9e-11,4.9e-12,,,,
1000033,"   84P/Giclas",84P,Giclas,P,,,0,,,14.2,,6.5,,,1.80,,,,,,,,,,,,"JPL 49",2455894.5,55894,2011-11-29.0,J2000,0.4945,3.641,1.840,7.28,112.39,276.40,274.58,5.44,0.1419,2456496.57,2013-07-23.0,2.54e+03,6.95,0.862,335,0.555,2.87,1.5e-07,2.7e-08,5.4e-07,1.1e-05,5.2e-05,6.0e-05,1.6e-05,4.0e-08,1.6e-09,1.2e-04,2.8e-05,JFc,"Davide Farnocchia",15537,1978-09-03,2021-03-18,1745,,,0,.6615,,5.7e-10,4.0e-11,-2.3e-11,3.3e-13,,,,
1000108,"   86P/Wild 3",86P,Wild,P,,,0,,,17.2,,4.5,,,0.86,,,,,,,,,,,,"JPL K152/7",2457683.5,57683,2016-10-22.0,J2000,0.3722,3.605,2.264,15.47,72.39,179.19,81.70,4.95,0.144,2457115.99,2015-04-03.4,2.5e+03,6.85,1.25,486,0.111,2.93,3.3e-06,4.5e-07,1.2e-05,1.0e-04,2.1e-04,7.7e-04,2.8e-04,6.2e-07,2.7e-08,1.9e-03,4.7e-04,JFc,"Shantanu Naidu",5193,2008-06-03,2022-08-22,32,,,1,.88412,,,,,,,,,
1000010,"   87P/Bus",87P,Bus,P,,,0,,,12.7,16.1,14.,5.,0.03,0.56,,,,,,,,,,,,"JPL K203/18",2457467.5,57467,2016-03-20.0,J2000,0.3893,3.441,2.101,2.60,181.89,24.76,126.79,4.78,0.1544,2456646.40,2013-12-19.9,2.33e+03,6.38,1.1,427,0.181,3.01,5.1e-07,2.8e-07,1.7e-06,2.7e-05,3.1e-04,6.7e-04,2.5e-04,3.9e-07,1.9e-08,1.6e-03,2.9e-04,ETc,"Davide Farnocchia",7602,1999-11-13,2020-09-05,667,,,1,.70867,,1.3e-08,1.3e-09,-2.0e-09,4.0e-11,5.9e-09,2.4e-10,,
1000046,"   88P/Howell",88P,Howell,P,,,0,,,12.1,,9.,,,4.4,,,,,,,,,,,,"JPL K203/26",2457474.5,57474,2016-03-27.0,J2000,0.5631,3.109,1.358,4.38,56.70,235.89,63.98,4.86,0.1798,2457118.72,2015-04-06.2,2e+03,5.48,0.35,136,0.465,2.95,4.4e-08,6.1e-08,1.6e-07,8.4e-06,7.7e-05,7.8e-05,8.4e-06,9.5e-08,5.3e-09,5.4e-05,5.9e-05,JFc,"Davide Farnocchia",4811,2008-12-30,2022-03-03,3508,,,0,.61236,,8.2e-09,2.7e-11,-7.0e-10,6.4e-12,-6.3e-10,2.1e-11,33.9,0.329
1000073,"   89P/Russell 2",89P,Russell,P,,,0,,,12.6,16.6,12.,5.,0.03,2.8,,,,,,,,,,,,"JPL 21",2457560.5,57560,2016-06-21.0,J2000,0.4080,3.751,2.221,12.08,41.45,250.14,336.03,5.28,0.1357,2457737.17,2016-12-14.6,2.65e+03,7.26,1.24,482,0.741,2.9,3.5e-07,1.2e-06,2.0e-06,1.8e-05,9.1e-05,2.9e-04,1.8e-04,1.6e-06,6.3e-08,1.4e-03,1.2e-03,JFc,"Shantanu Naidu",13592,1980-08-09,2017-10-26,188,,,1,.72631,,7.5e-09,1.0e-09,-3.4e-10,1.3e-11,-4.2e-10,3.0e-10,,
1000029,"   90P/Gehrels 1",90P,Gehrels,P,,,0,,,7.0,13.3,18.,5.,0.03,7.8,,,,,,,,,,,,"JPL K172/13",2457800.5,57800,2017-02-16.0,J2000,0.5098,6.069,2.975,9.64,13.25,29.27,351.87,9.16,0.06593,2457923.78,2017-06-19.2,5.46e+03,15,1.99,774,0.495,2.69,6.5e-07,1.1e-05,2.9e-06,1.5e-05,1.4e-04,4.0e-04,1.4e-04,1.7e-05,1.8e-07,1.8e-03,1.5e-02,JFc,"Shantanu Naidu",6092,2001-08-10,2018-04-15,577,,,2,.56342,,2.4e-07,4.9e-08,3.4e-07,5.3e-08,,,,
1000076,"   92P/Sanguin",92P,Sanguin,P,,,0,,,11.1,14.5,17.,5.,0.03,2.38,,,,,,,,,,,,"JPL 28",2457375.5,57375,2015-12-19.0,J2000,0.6593,5.358,1.825,19.44,181.46,163.79,23.27,8.89,0.07946,2457082.68,2015-03-01.1,4.53e+03,12.4,0.826,321,0.807,2.41,1.9e-07,5.6e-07,1.2e-06,3.8e-05,2.4e-05,2.1e-04,7.5e-05,9.3e-07,1.2e-08,9.0e-04,7.1e-04,JFc,"Ryan S. Park",13943,1977-09-13,2015-11-16,919,,,0,.71062,,3.7e-09,5.3e-10,-8.4e-11,2.5e-12,-2.0e-09,2.6e-10,,
1000061,"   96P/Machholz 1",96P,Machholz,P,Y,,0,,,13.3,16.5,9.5,5.,0.03,6.4,,,,,,,,,,,,"JPL K173/13",2454950.5,54950,2009-04-29.0,J2000,0.9591,3.032,0.124,58.27,94.29,14.77,140.88,5.94,0.1867,2454195.79,2007-04-05.2,1.93e+03,5.28,0.334,130,0.613,1.94,4.0e-08,2.3e-08,1.2e-07,5.3e-05,1.3e-05,1.7e-05,1.9e-06,4.5e-08,2.1e-09,1.2e-05,2.2e-05,JFC,"Shantanu Naidu",5796,2007-04-09,2023-02-20,1004,,,0,.64789,,1.8e-10,6.1e-11,-2.0e-12,1.8e-14,-1.2e-10,1.0e-10,,
1000128,"   97P/Metcalf-Brewington",97P,Metcalf-Brewington,P,,,0,,,15.2,,4.5,,,3.4,,,,,,,,,,,,"JPL K223/9",2457799.5,57799,2017-02-15.0,J2000,0.4569,4.8,2.607,17.86,185.17,228.23,188.30,6.99,0.09373,2459631.40,2022-02-20.9,3.84e+03,10.5,1.66,644,0.108,2.71,1.2e-06,8.0e-07,6.1e-06,3.4e-05,5.9e-05,4.8e-04,1.6e-04,1.2e-06,2.3e-08,1.5e-03,9.6e-04,JFc,"Shantanu Naidu",7819,2000-09-01,2022-01-28,376,,,1,.69884,,-3.9e-08,1.4e-08,-1.3e-08,3.1e-10,,,,
1000091,"   98P/Takamizawa",98P,Takamizawa,P,,,0,,,14.6,,8.75,,,5.4,,,,,,,,,,,,"JPL K203/2",2455915.5,55915,2011-12-20.0,J2000,0.5606,3.806,1.672,10.55,114.75,157.95,281.08,5.94,0.1327,2456509.98,2013-08-05.4,2.71e+03,7.42,0.66,257,0.0286,2.76,2.2e-07,2.0e-07,9.0e-07,1.3e-05,6.2e-05,8.7e-05,1.8e-05,3.1e-07,1.0e-08,1.4e-04,2.1e-04,JFc,"Javier Roa",5528,2006-03-24,2021-05-12,558,,,0,.72773,,1.4e-10,7.8e-10,7.0e-10,8.7e-12,,,,
1000055,"   99P/Kowal 1",99P,Kowal,P,,,0,,,6.6,11.5,12.25,5.,0.03,10.2,,,,,,,,,,,,"JPL 55",2456674.5,56674,2014-01-17.0,J2000,0.2289,6.139,4.734,4.34,28.18,174.20,165.21,7.54,0.0648,2454124.94,2007-01-24.4,5.56e+03,15.2,3.73,1.45e+03,0.307,2.96,1.2e-07,8.4e-08,7.6e-07,1.1e-05,9.6e-05,1.3e-04,5.4e-05,1.0e-07,1.3e-09,8.3e-04,1.1e-04,JFc,"Shantanu Naidu",16745,1977-04-24,2023-02-27,1483,,,0,.6253,,,,,,,,,
1000011,"  101P/Chernykh",101P,Chernykh,P,,,0,,,13.7,,4.5,,,5.6,,,,,,,,,,,,"JPL K202/4",2456929.5,56929,2014-09-29.0,J2000,0.5978,5.782,2.325,5.03,116.61,277.41,223.41,9.24,0.0709,2458856.02,2020-01-07.5,5.08e+03,13.9,1.34,521,0.158,2.58,3.4e-07,7.7e-07,2.2e-06,9.0e-06,1.5e-04,1.9e-04,4.3e-05,1.2e-06,1.4e-08,2.6e-04,1.0e-03,JFc,"Davide Farnocchia",6078,2005-07-10,2022-03-01,1203,,,0,.66895,,1.5e-07,3.4e-09,2.3e-09,1.5e-09,,,,
1000083,"  102P/Shoemaker 1",102P,Shoemaker,P,,,0,,,16.2,,5.5,,,3.2,,,,,,,,,,,,"JPL K213/2",2456078.5,56078,2012-05-31.0,J2000,0.4732,3.737,1.969,26.24,339.87,18.74,297.48,5.50,0.1365,2456536.66,2013-09-01.1,2.64e+03,7.22,0.976,380,0.191,2.73,6.1e-07,3.4e-07,2.4e-06,3.1e-05,3.8e-05,2.7e-04,8.3e-05,5.0e-07,1.9e-08,5.8e-04,3.6e-04,JFc,"Shantanu Naidu",5645,2006-07-24,2022-01-06,392,,,1,.89266,,-5.3e-09,1.4e-09,-1.3e-09,2.7e-11,,,,
1000041,"  103P/Hartley 2",103P,Hartley,P,Y,,0,,,14.2,,15.,,,1.6,,,18.1,,,,,,,,,"JPL K173/7",2455530.5,55530,2010-11-30.0,J2000,0.6949,3.47,1.059,13.62,219.76,181.21,4.99,5.88,0.1525,2455497.77,2010-10-28.2,2.36e+03,6.46,0.0666,25.9,0.27,2.64,1.2e-07,1.5e-06,5.1e-08,2.3e-06,6.3e-06,8.2e-06,3.9e-06,2.5e-06,9.8e-08,6.1e-06,1.5e-03,JFc,"Javier Roa",5313,2004-09-20,2019-04-08,6097,,,1,.54139,,7.8e-10,4.8e-11,2.5e-10,1.5e-12,,,,
1000056,"  104P/Kowal 2",104P,Kowal,P,Y,,0,,,14.5,,13.,,,2.0,,,,,,,,,,,,"JPL K222/10",2459483.5,59483,2021-09-26.0,J2000,0.6655,3.208,1.073,5.70,207.21,227.25,341.54,5.34,0.1716,2459591.12,2022-01-11.6,2.1e+03,5.74,0.111,43.4,0.288,2.79,1.1e-07,2.7e-06,6.7e-07,1.6e-05,1.0e-04,9.9e-05,1.2e-05,4.5e-06,2.1e-07,1.0e-04,2.6e-03,JFc,"Davide Farnocchia",2351,2016-01-04,2022-06-12,1491,,,2,.89429,,2.2e-08,3.6e-10,-7.2e-09,4.0e-10,-2.0e-10,9.0e-11,49.6,1.69
1000086,"  105P/Singer Brewster",105P,"Singer Brewster",P,,,0,,,13.8,,9.75,,,2.2,,,,,,,,,,,,"JPL 46",2455871.5,55871,2011-11-06.0,J2000,0.4093,3.472,2.051,9.17,192.42,46.68,342.91,4.89,0.1524,2455983.70,2012-02-26.1,2.36e+03,6.47,1.05,410,0.366,2.97,8.7e-08,2.0e-08,3.0e-07,1.7e-05,4.2e-05,6.9e-05,2.9e-05,2.9e-08,1.3e-09,1.9e-04,2.1e-05,JFc,"Javier Roa",12199,1986-05-03,2019-09-26,760,,,0,.77136,,,,-6.8e-10,1.1e-12,,,,
1000078,"  106P/Schuster",106P,Schuster,P,,,0,,,11.2,15.9,22.5,5.,0.03,1.88,,,,,,,,,,,,"JPL 39",2457498.5,57498,2016-04-20.0,J2000,0.5895,3.754,1.541,20.20,50.32,355.98,86.68,5.97,0.1355,2456858.96,2014-07-20.4,2.66e+03,7.27,0.552,215,0.535,2.67,1.2e-07,7.5e-08,4.4e-07,1.6e-05,3.9e-05,3.4e-05,1.3e-05,1.2e-07,4.1e-09,9.7e-05,8.0e-05,JFc,"Shantanu Naidu",16272,1977-09-05,2022-03-25,738,,,0,.79775,,7.9e-10,3.0e-11,9.1e-11,4.9e-13,,,,
1000013,"  108P/Ciffreo",108P,Ciffreo,P,,,0,,,10.9,15.9,19.5,5.,0.03,3.2,,,,,,,,,,,,"JPL K212/19",2458257.5,58257,2018-05-19.0,J2000,0.5810,3.642,1.526,13.98,52.40,356.86,184.02,5.76,0.1418,2459498.73,2021-10-11.2,2.54e+03,6.95,0.535,208,0.283,2.75,1.9e-07,2.2e-07,7.7e-07,1.3e-05,2.7e-05,2.4e-05,3.9e-05,3.4e-07,1.3e-08,3.9e-04,2.3e-04,JFc,"Shantanu Naidu",2839,2014-06-17,2022-03-26,2301,,,0,.7016,,,,,,,,,
1000140,"  109P/Swift-Tuttle",109P,Swift-Tuttle,P,Y,,0,,,4.5,8.5,15.0,10.0,,26,,,,,,,,,,,,"JPL 32",2450000.5,50000,1995-10-10.0,J2000,0.9632,26.09,0.960,113.45,139.38,152.98,7.63,51.22,0.007395,2448968.50,1992-12-11.9,4.87e+04,133,0.000892,0.347,,-0.28,6.8e-09,8.2e-07,1.8e-07,2.2e-05,2.8e-05,3.3e-05,3.1e-07,1.6e-06,3.5e-10,2.9e-05,2.3e-03,HTC,"M.S.W. Keesey",94131,1737-07-08,1995-03-29,652,,,0,1.1984,,,,,,,,,
1000119,"  110P/Hartley 3",110P,Hartley,P,,,0,,,6.7,13.4,20.75,5.,0.03,4.3,,,10.153,,,,,,,,,"JPL K212/32",2458237.5,58237,2018-04-29.0,J2000,0.3163,3.605,2.465,11.70,287.53,167.40,177.05,4.74,0.144,2457008.17,2014-12-16.6,2.5e+03,6.84,1.48,577,0.478,2.99,1.6e-07,4.4e-08,5.4e-07,1.2e-05,2.2e-05,5.9e-05,3.0e-05,5.8e-08,2.6e-09,2.0e-04,4.6e-05,JFc,"Davide Farnocchia",3206,2013-08-11,2022-05-22,2467,,,0,.55105,,,,,,,,,
1000118,"  111P/Helin-Roman-Crockett",111P,Helin-Roman-Crockett,P,,,0,,,8.4,17.2,17.,5.,0.03,1.2,,,,,,,,,,,,"JPL 8",2456320.5,56320,2013-01-28.0,J2000,0.1096,4.16,3.704,4.23,89.79,3.38,359.69,4.62,0.1161,2456323.13,2013-01-30.6,3.1e+03,8.49,2.72,1.06e+03,0.589,3.02,5.5e-07,7.4e-07,2.1e-06,4.2e-05,4.4e-04,4.6e-04,1.8e-04,8.2e-07,3.1e-08,1.5e-03,8.3e-04,ETc,"Alan B. Chamberlin",8753,1989-01-03,2012-12-21,137,,,1,.79086,,,,-1.1e-07,5.7e-09,,,,
1000113,"  112P/Urata-Niijima",112P,Urata-Niijima,P,,,0,,,14.5,17.9,15.,5.,0.03,1.8,,,,,,,,,,,,"JPL 35",2455471.5,55471,2010-10-02.0,J2000,0.5875,3.536,1.459,24.20,31.93,21.35,212.31,5.61,0.1482,2456468.00,2013-06-24.5,2.43e+03,6.65,0.485,189,0.312,2.69,9.6e-08,1.7e-08,3.4e-07,1.6e-05,2.4e-05,5.7e-05,1.2e-05,2.8e-08,1.1e-09,8.3e-05,1.8e-05,JFc,"Davide Farnocchia",12257,1986-10-04,2020-04-25,617,,,0,.68318,,,,6.4e-11,1.3e-13,,,,
1000146,"  113P/Spitaler",113P,Spitaler,P,,,0,,,14.2,,8.5,,,2.2,,,,,,,,,,,,"JPL 74",2457122.5,57122,2015-04-10.0,J2000,0.4245,3.682,2.119,5.78,14.39,50.02,358.08,5.24,0.1395,2457136.25,2015-04-23.7,2.58e+03,7.06,1.14,443,0.478,2.93,1.2e-07,8.1e-08,4.5e-07,7.4e-06,9.5e-05,1.0e-04,2.6e-05,1.2e-07,4.6e-09,1.9e-04,8.5e-05,JFc,"Otto Matic",48314,1890-11-17,2023-02-27,968,,,0,.65643,,,,-4.5e-11,2.0e-12,,,,
1000114,"  114P/Wiseman-Skiff",114P,Wiseman-Skiff,P,,,0,,,13.9,16.3,12.25,5.,0.03,1.56,,,,,,,,,,,,"JPL K203/20",2458217.5,58217,2018-04-09.0,J2000,0.5545,3.545,1.579,18.27,271.06,172.84,264.72,5.51,0.1477,2458862.74,2020-01-14.2,2.44e+03,6.67,0.597,232,0.182,2.77,9.0e-08,3.9e-08,3.3e-07,9.8e-06,2.0e-05,4.3e-05,1.1e-05,6.1e-08,2.4e-09,6.7e-05,4.0e-05,JFc,"Davide Farnocchia",5046,2006-07-21,2020-05-14,1860,,,0,.6301,,,,,,,,,
1000062,"  115P/Maury",115P,Maury,P,,,0,,,12.9,15.3,10.75,5.,0.03,2.22,,,,,,,,,,,,"JPL 42",2456994.5,56994,2014-12-03.0,J2000,0.5183,4.271,2.057,11.67,176.08,121.11,128.96,6.48,0.1117,2455839.53,2011-10-05.0,3.22e+03,8.83,1.07,417,0.495,2.74,1.6e-07,5.5e-08,6.7e-07,6.5e-06,5.1e-05,1.4e-04,3.6e-05,8.3e-08,2.1e-09,3.4e-04,6.2e-05,JFc,"Otto Matic",12929,1985-08-16,2021-01-08,1382,,,0,.70013,,6.1e-09,2.2e-10,-3.0e-10,4.0e-12,,,,
1000121,"  117P/Helin-Roman-Alu 1",117P,Helin-Roman-Alu,P,,,0,,,6.1,11.4,14.,5.,0.03,9,,,,,,,,,,,,"JPL K222/55",2457811.5,57811,2017-02-27.0,J2000,0.2544,4.093,3.052,8.70,58.87,222.51,127.13,5.13,0.119,2456743.26,2014-03-26.7,3.02e+03,8.28,2.04,795,0.261,2.97,6.2e-08,9.1e-08,3.0e-07,5.7e-06,3.6e-05,3.9e-05,1.3e-05,1.1e-07,4.0e-09,1.2e-04,1.0e-04,JFc,"Davide Farnocchia",4418,2010-11-03,2022-12-08,3993,,,0,.61954,,1.4e-07,6.6e-09,3.4e-08,3.6e-09,,,,
1000150,"  118P/Shoemaker-Levy 4",118P,Shoemaker-Levy,P,,,0,,,12.4,14.7,10.5,5.,0.03,4.8,,,,,,,,,,,,"JPL K222/34",2459279.5,59279,2021-03-06.0,J2000,0.4563,3.369,1.832,10.06,142.13,314.11,260.39,4.91,0.1594,2459904.54,2022-11-21.0,2.26e+03,6.18,0.865,337,0.607,2.95,9.6e-08,1.6e-07,3.8e-07,9.7e-06,3.9e-05,4.6e-05,2.4e-05,2.3e-07,1.1e-08,1.1e-04,1.6e-04,JFc,"Davide Farnocchia",3133,2014-08-03,2023-03-02,1470,,,0,.58998,,,,-4.8e-10,1.9e-10,,,,
1000116,"  120P/Mueller 1",120P,Mueller,P,,,0,,,6.6,16.4,26.25,5.,0.03,3.0,,,,,,,,,,,,"JPL 25",2454349.5,54349,2007-09-06.0,J2000,0.3365,4.136,2.744,8.79,4.44,30.01,125.57,5.53,0.1172,2453277.94,2004-09-29.4,3.07e+03,8.41,1.75,682,0.265,2.92,3.4e-07,1.8e-07,1.5e-06,2.9e-05,1.4e-04,1.7e-04,5.2e-05,2.4e-07,7.7e-09,5.0e-04,2.0e-04,JFc,"Otto Matic",12471,1987-10-18,2021-12-09,147,,,0,.78776,,-2.6e-08,4.1e-09,-1.6e-09,6.2e-11,,,,
1000141,"  121P/Shoemaker-Holt 2",121P,Shoemaker-Holt,P,,,0,,,6.0,12.6,19.75,5.,0.03,3.24,,,,,,,,,,,,"JPL 57",2453890.5,53890,2006-06-04.0,J2000,0.3399,4.016,2.651,17.74,99.41,6.86,78.19,5.38,0.1225,2453252.00,2004-09-03.4,2.94e+03,8.05,1.67,649,0.134,2.87,1.2e-07,9.0e-08,4.6e-07,1.0e-05,2.3e-05,1.6e-05,1.5e-05,1.2e-07,4.1e-09,1.1e-04,9.9e-05,JFc,"Otto Matic",12400,1989-03-04,2023-02-14,666,,,0,.63059,,,,,,,,,
1000162,"  125P/Spacewatch",125P,Spacewatch,P,,,0,,,12.6,16.7,17.,5.,0.03,1.6,,,,,,,,,,,,"JPL 32",2455419.5,55419,2010-08-11.0,J2000,0.5120,3.126,1.525,9.99,153.19,87.29,195.67,4.73,0.1784,2456340.88,2013-02-17.3,2.02e+03,5.53,0.556,216,0.81,2.98,5.3e-08,1.8e-08,1.7e-07,1.7e-05,4.3e-05,5.4e-05,1.7e-05,2.7e-08,1.5e-09,9.5e-05,1.7e-05,JFc,"Javier Roa",9887,1991-09-08,2018-10-03,799,,,0,.64642,,,,7.0e-11,3.0e-13,,,,
1000047,"  126P/IRAS",126P,IRAS,P,,,0,,,8.8,14.4,17.,5.,0.03,3.2,,,,,,,,,,,,"JPL 18",2453047.5,53047,2004-02-12.0,J2000,0.6951,5.628,1.716,45.84,357.75,356.96,196.89,9.54,0.07381,2455257.32,2010-03-01.8,4.88e+03,13.4,0.713,278,2.79,1.97,1.0e-07,1.5e-07,5.7e-07,2.4e-05,3.3e-05,8.7e-05,1.9e-05,2.5e-07,2.9e-09,3.3e-04,1.9e-04,JFC,"Otto Matic",10084,1983-06-30,2011-02-07,379,,,0,.86925,,,,-6.6e-10,1.3e-12,,,,
1000117,"  128P/Shoemaker-Holt 1-B",128P-B,Shoemaker-Holt,P,,,0,,,5.6,16.7,19.,5.,0.03,4.6,,,,,,,,,,,,"JPL 33",2450726.5,50726,1997-10-05.0,J2000,0.3213,4.489,3.047,4.36,214.53,210.22,355.20,5.93,0.1036,2450772.79,1997-11-20.2,3.47e+03,9.51,2.06,802,0.148,2.91,5.3e-06,3.4e-05,1.4e-06,3.0e-05,3.3e-04,3.4e-04,7.1e-05,4.5e-05,1.2e-06,5.3e-04,4.0e-02,JFc,"Davide Farnocchia",942,1996-09-16,1999-04-16,236,,,3,.54265,,,,,,,,,
1000134,"  130P/McNaught-Hughes",130P,McNaught-Hughes,P,,,0,,,13.3,,9.,,,4.2,,,,,,,,,,,,"JPL 46",2455818.5,55818,2011-09-14.0,J2000,0.4068,3.537,2.098,7.31,89.81,224.38,12.03,4.98,0.1482,2455737.30,2011-06-24.8,2.43e+03,6.65,1.09,425,0.48,2.96,9.7e-08,1.8e-07,3.2e-07,6.4e-06,6.5e-05,7.8e-05,1.3e-05,2.5e-07,1.1e-08,8.4e-05,1.8e-04,JFc,"Davide Farnocchia",11132,1991-09-14,2022-03-07,1139,,,0,.67614,,3.9e-10,8.7e-11,-2.8e-13,3.9e-12,,,,
1000138,"  135P/Shoemaker-Levy 8",135P,Shoemaker-Levy,P,,,0,,,7.0,,17.0,,,3.8,,,,,,,,,,,,"JPL 18",2450500.5,50500,1997-02-21.0,J2000,0.2902,3.828,2.717,6.05,213.36,22.70,225.43,4.94,0.1316,2451523.00,1999-12-10.5,2.74e+03,7.49,1.71,665,0.0821,2.99,4.4e-07,4.2e-07,1.9e-06,4.2e-05,3.5e-04,3.9e-04,1.3e-04,5.4e-07,2.2e-08,1.1e-03,4.5e-04,JFc,"Otto Matic",10987,1992-03-30,2022-04-29,115,,,1,.75735,,,,,,,,,
1000126,"  137P/Shoemaker-Levy 2",137P,Shoemaker-Levy,P,,,0,,,15.4,,4.5,,,5.8,,,7.7,,,,,,,,,"JPL 43",2457361.5,57361,2015-12-05.0,J2000,0.5721,4.518,1.933,4.85,233.07,140.99,246.57,7.10,0.1026,2458466.60,2018-12-14.0,3.51e+03,9.6,0.937,365,0.0778,2.67,8.0e-08,8.2e-08,3.9e-07,6.2e-06,1.3e-04,1.3e-04,3.9e-06,1.3e-07,2.8e-09,6.1e-05,9.5e-05,JFc,"Otto Matic",11171,1990-09-16,2021-04-17,1211,,,0,.42393,,,,,,,,,
1000147,"  147P/Kushida-Muramatsu",147P,Kushida-Muramatsu,P,,,0,,,4.5,16.8,23.,5.,0.03,0.42,,,,,,,,,,,,"JPL K083/2",2454801.5,54801,2008-12-01.0,J2000,0.2760,3.807,2.756,2.37,93.76,346.84,9.17,4.86,0.1327,2454732.37,2008-09-22.8,2.71e+03,7.43,1.77,690,,3.01,2.7e-06,1.7e-06,1.1e-05,1.2e-04,1.1e-03,1.7e-03,4.9e-04,2.2e-06,9.0e-08,3.7e-03,1.8e-03,ETc,"Nick Mastrodemos",5555,1993-12-08,2009-02-22,256,,,1,.65919,,2.7e-07,2.2e-08,-6.9e-08,3.5e-09,1.6e-07,7.6e-09,305,12.8
1000115,"  151P/Helin",151P,Helin,P,,,0,,,8.5,14.9,21.75,5.,0.03,8.4,,,,,,,,,,,,"JPL 35",2455249.5,55249,2010-02-22.0,J2000,0.5709,5.807,2.492,4.73,143.55,215.53,215.44,9.12,0.07043,2457302.12,2015-10-06.6,5.11e+03,14,1.49,580,0.234,2.62,1.6e-06,1.7e-06,9.6e-06,4.9e-05,4.0e-04,1.2e-03,2.1e-04,2.6e-06,3.0e-08,3.8e-03,2.2e-03,JFc,"Otto Matic",10382,1987-08-24,2016-01-26,420,,,1,.55153,,4.4e-08,4.5e-08,-3.8e-10,1.8e-10,,,,
1001647,"  167P/CINEOS",167P,CINEOS,P,,,0,,,,9.7,,5.0,0.03,66.170,,0.053,,,,,,,,,22.90,"JPL 22",2453075.5,53075,2004-03-11.0,J2000,0.2700,16.14,11.784,19.13,295.84,343.65,16.20,20.50,0.0152,2452009.44,2001-04-09.9,2.37e+04,64.8,10.8,4.19e+03,6.6,3.53,2.1e-05,6.4e-04,1.3e-04,5.3e-05,5.9e-05,3.3e-03,2.7e-03,8.1e-04,9.0e-07,1.2e-01,1.4e+00,CTc,"Otto Matic",3416,2002-06-12,2011-10-19,91,,,3,.48706,,,,,,,,,
1000112,"  184P/Lovas 2",184P,Lovas,P,,,0,,,18.4,,5.5,,,6.2,,,,,,,,,,,,"JPL 44",2456460.5,56460,2013-06-17.0,J2000,0.6043,3.522,1.394,1.55,277.74,78.06,353.82,5.65,0.1491,2456501.97,2013-07-28.4,2.41e+03,6.61,0.391,152,0.24,2.79,2.8e-07,1.5e-07,9.3e-07,7.0e-06,4.4e-04,4.2e-04,1.6e-05,2.4e-07,9.3e-09,1.1e-04,1.5e-04,JFc,"Otto Matic",12394,1986-11-30,2020-11-05,349,,,0,.68049,,,,-1.2e-11,1.2e-12,,,,
1003009,"  212P/NEAT",212P,NEAT,P,,,0,,,18.0,,4.5,,,1.7,,0.096,,,,,,,,,0.30,"JPL 17",2454872.5,54872,2009-02-10.0,J2000,0.5789,3.929,1.654,22.40,98.93,15.05,8.70,6.20,0.1266,2454803.77,2008-12-03.2,2.84e+03,7.79,0.679,264,0.406,2.63,3.0e-07,1.5e-07,1.1e-06,2.9e-05,5.7e-05,1.2e-04,2.5e-05,2.4e-07,7.3e-09,1.9e-04,1.6e-04,JFc,"Otto Matic",5963,2000-12-01,2017-03-30,124,,,0,.78447,,,,,,,,,
1003104,"  324P/La Sagra",324P,"La Sagra",P,,,0,,,7.5,15.6,25.,5.,0.03,1.600,,0.010,,,,,,,,,0.30,"JPL 31",2456273.5,56273,2012-12-12.0,J2000,0.1538,3.094,2.618,21.42,270.65,58.90,163.57,3.57,0.1811,2455370.39,2010-06-22.8,1.99e+03,5.44,1.67,648,1.83,3.1,4.0e-07,5.6e-08,1.2e-06,1.1e-05,1.1e-04,1.5e-04,8.0e-05,6.5e-08,4.9e-09,4.4e-04,5.4e-05,ETc,"Otto Matic",4108,2010-08-12,2021-11-10,500,,,0,.62944,,,,,,,,,
1003494,"  349P/Lemmon",349P,Lemmon,P,,,0,,,7.5,15.7,24.5,5.,0.03,2.983,,0.104,,,,,,,,,0.40,"JPL 13",2457302.5,57302,2015-10-07.0,J2000,0.3005,3.568,2.496,5.50,331.82,256.25,258.98,4.64,0.1462,2457993.34,2017-08-27.8,2.46e+03,6.74,1.49,581,0.632,3.03,1.5e-06,9.7e-07,4.8e-06,8.0e-05,4.5e-04,1.1e-03,6.8e-04,1.3e-06,6.0e-08,4.3e-03,1.0e-03,ETc,"Otto Matic",3069,2010-03-14,2018-08-08,127,,,1,.5323,,,,,,,,,
1000304,"     C/1983 H1 (IRAS-Araki-Alcock)","1983 H1",IRAS-Araki-Alcock,C,,,0,,,,,,,,9.2,,0.02,,,,,,,,,1.00,"JPL 15",2445467.5,45467,1983-05-13.0,J2000,0.9899,98.03,0.991,73.25,49.10,192.85,359.99,195.08,0.001015,2445475.75,1983-05-21.2,3.55e+05,971,0.00584,2.27,3.08,0.408,2.2e-05,2.2e-01,2.9e-07,2.4e-04,1.3e-05,1.8e-04,2.8e-05,4.3e-01,3.3e-06,1.7e-04,1.2e+03,COM,"Otto Matic",160,1983-04-27,1983-10-04,347,0,1,4,.77369,,,,,,,,,
1000129,"     C/1991 L3 (Levy)","1991 L3",Levy,C,Y,,0,,,8.9,14.5,14.5,5.,0.03,11.6,,,,,,,,,,,,"JPL 10",2448619.5,48619,1991-12-29.0,J2000,0.9289,13.81,0.983,19.19,329.43,41.48,3.34,26.64,0.0192,2448445.70,1991-07-08.1,1.88e+04,51.3,0.0753,29.3,0.0499,1.52,4.5e-06,9.2e-04,4.5e-06,1.0e-04,1.9e-04,3.1e-04,3.4e-04,1.8e-03,1.9e-06,1.7e-04,1.9e+00,HTC,"Otto Matic",587,1991-06-14,1993-01-21,136,,,3,.74332,,,,,,,,,
1000132,"     C/1995 O1 (Hale-Bopp)","1995 O1",Hale-Bopp,C,,,0,,,4.8,,4.,,,60,,0.04,,,,,,,,,20.00,"JPL 226",2459837.5,59837,2022-09-15.0,J2000,0.9950,177.4,0.891,89.29,282.73,130.41,3.88,353.98,0.000417,2450537.13,1997-03-29.6,8.63e+05,2.36e+03,0.0878,34.2,0.0791,0.044,2.3e-07,8.3e-03,1.3e-06,1.9e-05,4.1e-05,4.2e-05,2.7e-04,1.7e-02,2.9e-08,1.4e-03,6.1e+01,COM,"Davide Farnocchia",10665,1993-04-27,2022-07-09,66,,,,.38349,,,,,,,,,
1000131,"     C/1996 B2 (Hyakutake)","1996 B2",Hyakutake,C,,,0,,,7.4,11.1,10.75,5.,0.03,4.2,,,,,,,,,,,,"JPL 73",2450157.5,50157,1996-03-15.0,J2000,0.9999,2125,0.230,124.92,188.05,130.18,360.00,4249.28,1.006e-05,2450204.89,1996-05-01.3,3.58e+07,9.79e+04,0.101,39.3,1.99,-0.338,1.1e-06,2.1e+01,9.0e-07,6.4e-05,1.2e-05,1.6e-04,7.2e-06,4.3e+01,1.5e-07,1.6e-05,5.4e+05,COM,"Otto Matic",306,1996-01-01,1996-11-02,977,,,,.71366,,2.7e-08,5.4e-10,6.5e-10,9.9e-11,,,,
1000373,"     C/2001 OG108 (LONEOS)","2001 OG108",LONEOS,C,Y,,0,,,13.3,,11.5,,,13.6,,0.054,57.12,,,,,,,,1.00,"JPL 42",2452248.5,52248,2001-12-05.0,J2000,0.9253,13.3,0.994,80.25,10.56,116.42,357.96,25.61,0.02032,2452348.71,2002-03-15.2,1.77e+04,48.5,0.301,117,0.968,0.597,8.3e-07,1.5e-04,1.8e-07,2.3e-05,8.9e-06,1.7e-05,3.4e-05,2.8e-04,3.4e-07,2.0e-05,2.9e-01,HTC,"Otto Matic",340,2001-07-28,2002-07-03,882,,,2,.62489,,,,,,,,,
1003112,"     C/2010 KW7 (WISE)","2010 KW7",WISE,C,,,0,,,15.9,,4.5,,,4.870,,0.047,,,,,,,,,0.22,"JPL 17",2455524.5,55524,2010-11-24.0,J2000,0.9743,99.85,2.570,147.06,104.76,332.31,0.04,197.12,0.0009879,2455480.85,2010-10-11.3,3.64e+05,998,1.63,633,2.08,-1.61,1.5e-05,5.8e-02,6.5e-06,6.1e-05,3.3e-05,4.6e-04,3.9e-05,1.2e-01,8.7e-07,1.5e-03,3.2e+02,COM,"Otto Matic",293,2010-05-16,2011-03-05,146,,,3,.68579,,,,,,,,,
1003189,"     C/2011 KP36 (Spacewatch)","2011 KP36",Spacewatch,C,,,0,,,7.5,9.5,7.,5.,0.03,55.100,,0.101,,,,,,,,,19.40,"JPL 108",2457558.5,57558,2016-06-19.0,J2000,0.8729,38.41,4.883,18.99,173.40,180.60,0.10,71.94,0.00414,2457535.37,2016-05-26.8,8.7e+04,238,3.88,1.51e+03,0.0793,2.64,7.8e-07,2.4e-04,5.0e-07,6.6e-06,1.8e-05,2.2e-05,1.0e-06,4.5e-04,3.9e-08,1.5e-04,8.1e-01,JFc,"Otto Matic",3226,2011-05-21,2020-03-20,3695,,,1,.40959,,,,,,,,,
